date,open,high,low,close,volume,
2014-01-20,7433.00,7456.00,7424.00,7450.50,10221.00,
2014-01-21,7403.00,7435.10,7311.00,7336.00,10206.00,
2014-01-22,7334.00,7347.00,7283.00,7290.50,14096.00,
2014-01-23,7265.00,7415.00,7257.29,7390.00,8824.00,
2014-01-24,7388.00,7499.00,7362.50,7479.50,81415.00,
2014-01-27,7465.00,7493.96,7393.00,7400.00,8765.00,
2014-01-28,7356.00,7389.52,7339.07,7360.00,9907.00,
2014-01-29,7359.00,7475.16,7341.61,7440.50,14878.00,
2014-01-30,7424.00,7437.00,7306.77,7331.50,85118.00,
2014-01-31,7365.00,7425.92,7323.01,7342.00,24227.00,
2014-02-03,7374.00,7551.70,7371.00,7540.50,22620.00,
2014-02-04,7495.00,7541.60,7457.25,7477.00,9182.00,
2014-02-05,7497.00,7612.00,7495.32,7513.50,11947.00,
2014-02-06,7535.00,7546.83,7467.08,7494.50,8124.00,
2014-02-07,7514.00,7575.00,7472.08,7498.00,7895.00,
2014-02-10,7550.00,7586.47,7549.37,7567.50,5627.00,
2014-02-11,7622.00,7629.30,7567.31,7620.50,14636.00,
2014-02-12,7606.00,7628.53,7570.00,7589.50,11287.00,
2014-02-13,7537.00,7600.47,7535.08,7599.50,13298.00,
2014-02-14,7624.00,7692.76,7612.00,7671.50,24941.00,
2014-02-17,7695.00,7742.30,7675.63,7742.50,16328.00,
2014-02-18,7700.00,7715.18,7654.08,7708.00,13727.00,
2014-02-19,7681.00,7718.87,7671.30,7686.00,6495.00,
2014-02-20,7691.00,7697.28,7650.26,7682.50,15176.00,
2014-02-21,7719.00,7734.75,7703.08,7719.00,9955.00,
2014-02-24,7780.00,7842.10,7767.00,7828.50,11176.00,
2014-02-25,7811.00,7830.00,7764.00,7822.50,12527.00,
2014-02-26,7832.00,7850.92,7747.00,7761.50,10319.00,
2014-02-27,7757.00,7805.00,7743.00,7778.50,15832.00,
2014-02-28,7737.00,7761.98,7687.00,7698.50,14352.00,
2014-03-03,7860.00,7893.00,7809.00,7878.00,35300.00,
2014-03-04,7816.00,7826.00,7767.08,7817.00,13946.00,
2014-03-05,7792.00,7808.00,7769.00,7798.00,17588.00,
2014-03-06,7764.00,7851.92,7749.00,7845.00,46343.00,
2014-03-07,7830.00,7861.88,7748.91,7791.50,8087.00,
2014-03-10,7780.00,7867.54,7756.00,7852.50,54123.00,
2014-03-11,7874.00,7932.00,7835.56,7863.00,14082.00,
2014-03-12,7947.00,8016.04,7934.00,8017.00,26862.00,
2014-03-13,8018.00,8036.00,7954.08,8018.00,20324.00,
2014-03-14,8022.00,8143.00,8022.00,8065.50,26096.00,
2014-03-17,8082.00,8101.00,8009.08,8019.00,124742.00,
2014-03-18,7972.00,7995.00,7926.78,7992.00,16103.00,
2014-03-19,7930.00,7942.00,7836.00,7848.00,31266.00,
2014-03-20,7831.00,7854.00,7787.08,7845.50,22536.00,
2014-03-21,7874.00,7915.00,7852.15,7882.50,17678.00,
2014-03-24,7800.00,7831.23,7729.04,7736.50,27607.00,
2014-03-25,7758.00,7772.00,7702.08,7731.00,26401.00,
2014-03-26,7739.00,7746.00,7644.05,7653.50,30149.00,
2014-03-27,7635.00,7643.92,7563.00,7583.50,22527.00,
2014-03-28,7588.00,7603.74,7529.00,7566.00,223946.00,
2014-03-31,7562.00,7583.92,7510.01,7516.50,20725.00,
2014-04-01,7496.00,7531.00,7483.00,7490.50,24428.00,
2014-04-02,7513.00,7569.53,7445.00,7569.50,20003.00,
2014-04-03,7551.00,7559.62,7518.00,7556.50,14115.00,
2014-04-04,7568.00,7661.00,7548.89,7655.50,14678.00,
2014-04-07,7632.00,7645.00,7595.00,7595.00,20891.00,
2014-04-08,7648.00,7660.92,7601.00,7610.00,18147.00,
2014-04-09,7599.00,7628.26,7554.00,7577.50,12637.00,
2014-04-10,7665.00,7686.00,7640.47,7661.50,10177.00,
2014-04-11,7632.00,7698.00,7632.00,7675.00,13315.00,
2014-04-14,7727.00,7744.00,7694.08,7723.50,15619.00,
2014-04-15,7672.00,7672.00,7486.51,7582.00,36490.00,
2014-04-16,7548.00,7573.00,7520.40,7542.00,18077.00,
2014-04-17,7498.00,7545.00,7498.00,7521.50,11326.00,
2014-04-22,7466.00,7481.80,7408.25,7412.50,26809.00,
2014-04-23,7430.00,7462.00,7427.94,7453.00,16679.00,
2014-04-24,7447.00,7524.00,7329.45,7469.50,25324.00,
2014-04-25,7470.00,7553.00,7470.00,7537.00,8166.00,
2014-04-28,7500.00,7539.52,7483.08,7491.00,10733.00,
2014-04-29,7453.00,7524.00,7449.00,7506.50,8553.00,
2014-04-30,7476.00,7488.40,7425.00,7446.50,10935.00,
2014-05-01,7403.00,7418.00,7368.00,7388.00,11995.00,
2014-05-02,7392.00,7521.35,7383.00,7504.50,6937.00,
2014-05-06,7549.00,7556.00,7471.00,7491.00,24206.00,
2014-05-07,7520.00,7534.00,7427.00,7441.50,239365.00,
2014-05-08,7401.00,7429.00,7379.00,7396.00,37978.00,
2014-05-09,7410.00,7459.77,7406.00,7429.50,8296.00,
2014-05-12,7446.00,7511.00,7428.00,7485.50,15751.00,
2014-05-13,7447.00,7490.75,7446.00,7483.50,12689.00,
2014-05-14,7474.00,7588.47,7470.50,7561.50,15606.00,
2014-05-15,7571.00,7587.00,7508.30,7528.50,15651.00,
2014-05-16,7504.00,7504.44,7460.00,7482.00,12875.00,
2014-05-19,7509.00,7543.00,7495.93,7509.50,10839.00,
2014-05-20,7466.00,7488.75,7438.00,7472.50,10893.00,
2014-05-21,7474.00,7474.00,7417.00,7437.50,31031.00,
2014-05-22,7459.00,7604.20,7439.46,7471.00,219713.00,
2014-05-23,7468.00,7475.23,7441.64,7466.00,10058.00,
2014-05-27,7395.00,7435.99,7299.45,7345.00,19812.00,
2014-05-28,7325.00,7360.00,7318.73,7320.00,12252.00,
2014-05-29,7285.00,7329.00,7231.40,7320.00,22900.00,
2014-05-30,7290.00,7307.75,7216.00,7224.00,13727.00,
2014-06-02,7224.00,7247.00,7222.30,7230.50,14680.00,
2014-06-03,7228.00,7243.30,7211.60,7232.00,22787.00,
2014-06-04,7250.00,7259.67,7221.77,7226.00,22908.00,
2014-06-05,7219.00,7280.00,7208.00,7263.00,13379.00,
2014-06-06,7264.00,7272.50,7224.00,7254.50,14851.00,
2014-06-09,7262.00,7275.00,7252.56,7261.00,11412.00,
2014-06-10,7270.00,7324.03,7252.25,7320.00,17667.00,
2014-06-11,7316.00,7328.00,7308.00,7312.50,7288.00,
2014-06-12,7284.00,7351.75,7283.86,7341.50,11918.00,
2014-06-13,7290.00,7310.85,7289.30,7305.00,13698.00,
2014-06-16,7343.00,7359.78,7290.00,7302.00,13367.00,
2014-06-17,7242.00,7282.85,7225.00,7282.00,8575.00,
2014-06-18,7268.00,7311.00,7255.00,7297.00,11743.00,
2014-06-19,7329.00,7412.00,7314.00,7408.00,11015.00,
2014-06-20,7480.00,7538.79,7450.00,7515.00,19283.00,
2014-06-23,7513.00,7530.00,7486.00,7520.00,9765.00,
2014-06-24,7505.00,7590.00,7505.00,7556.00,15677.00,
2014-06-25,7545.00,7556.00,7518.00,7558.00,9852.00,
2014-06-26,7532.00,7542.00,7468.00,7520.50,17252.00,
2014-06-27,7521.00,7547.00,7501.00,7542.00,11640.00,
2014-06-30,7510.00,7519.18,7476.00,7492.00,12456.00,
2014-07-01,7529.00,7550.00,7516.93,7521.50,10461.00,
2014-07-02,7513.00,7540.00,7498.00,7526.50,11798.00,
2014-07-03,7495.00,7503.85,7450.00,7475.50,19251.00,
2014-07-04,7495.00,7510.80,7478.00,7485.50,7434.00,
2014-07-07,7447.00,7478.00,7444.65,7460.00,23129.00,
2014-07-08,7485.00,7518.54,7459.99,7468.50,12938.00,
2014-07-09,7519.00,7539.89,7508.15,7519.00,7610.00,
2014-07-10,7543.00,7639.00,7540.15,7595.50,32122.00,
2014-07-11,7589.00,7606.00,7573.67,7592.00,28547.00,
2014-07-14,7484.00,7517.65,7424.12,7446.50,23225.00,
2014-07-15,7453.00,7463.00,7337.85,7352.50,11743.00,
2014-07-16,7348.00,7391.53,7348.00,7386.00,17571.00,
2014-07-17,7402.00,7472.45,7388.00,7473.50,30364.00,
2014-07-18,7457.00,7467.76,7436.00,7445.50,26416.00,
2014-07-21,7479.00,7503.00,7469.00,7472.50,18322.00,
2014-07-22,7437.00,7483.20,7420.00,7444.50,26630.00,
2014-07-23,7448.00,7479.00,7435.55,7451.00,7321.00,
2014-07-24,7403.00,7434.00,7379.00,7391.00,57877.00,
2014-07-25,7396.00,7439.00,7394.20,7437.50,33385.00,
2014-07-28,7459.00,7488.00,7451.15,7488.00,23064.00,
2014-07-29,7472.00,7518.46,7444.00,7455.50,12860.00,
2014-07-30,7457.00,7492.00,7367.50,7441.50,15335.00,
2014-07-31,7443.00,7469.00,7401.00,7406.00,25572.00,
2014-08-01,7394.00,7482.00,7389.50,7474.50,17724.00,
2014-08-04,7474.00,7479.00,7430.00,7433.00,6884.00,
2014-08-05,7440.00,7459.85,7398.00,7399.50,9809.00,
2014-08-06,7447.00,7561.00,7436.51,7553.00,30119.00,
2014-08-07,7551.00,7554.59,7515.00,7544.50,19665.00,
2014-08-08,7616.00,7630.00,7559.00,7586.00,225183.00,
2014-08-11,7575.00,7588.00,7560.60,7573.50,8907.00,
2014-08-12,7582.00,7642.17,7575.85,7611.50,8168.00,
2014-08-13,7554.00,7652.00,7530.00,7640.50,11981.00,
2014-08-14,7675.00,7683.00,7625.85,7642.50,61075.00,
2014-08-15,7650.00,7654.42,7523.00,7602.00,82005.00,
2014-08-18,7551.00,7573.15,7529.20,7551.50,12157.00,
2014-08-19,7567.00,7606.00,7553.21,7568.50,12829.00,
2014-08-20,7562.00,7577.78,7546.00,7553.50,8241.00,
2014-08-21,7493.00,7516.00,7470.00,7481.50,16644.00,
2014-08-22,7496.00,7518.00,7475.00,7510.50,11018.00,
2014-08-26,7559.00,7568.48,7468.35,7526.50,8151.00,
2014-08-27,7529.00,7560.70,7509.00,7514.00,13109.00,
2014-08-28,7547.00,7594.00,7543.00,7563.50,13044.00,
2014-08-29,7551.00,7557.56,7518.62,7550.50,10135.00,
2014-09-01,7530.00,7540.13,7515.98,7527.50,9929.00,
2014-09-02,7488.00,7513.01,7437.00,7450.50,18198.00,
2014-09-03,7475.00,7494.08,7443.08,7488.50,21876.00,
2014-09-04,7498.00,7539.29,7445.52,7529.00,11981.00,
2014-09-05,7518.00,7575.49,7518.00,7545.50,22299.00,
2014-09-08,7625.00,7644.59,7541.00,7545.00,12642.00,
2014-09-09,7589.00,7591.37,7561.00,7575.00,20095.00,
2014-09-10,7570.00,7587.22,7509.33,7508.00,8911.00,
2014-09-11,7478.00,7486.57,7406.63,7410.50,10351.00,
2014-09-12,7409.00,7420.60,7361.03,7366.00,80970.00,
2014-09-15,7381.00,7403.00,7371.93,7382.00,26243.00,
2014-09-16,7410.00,7456.27,7383.24,7387.00,17158.00,
2014-09-17,7379.00,7383.56,7339.05,7360.00,19381.00,
2014-09-18,7292.00,7304.85,7229.28,7281.00,16610.00,
2014-09-19,7214.00,7273.00,7209.33,7245.00,14875.00,
2014-09-22,7213.00,7235.35,7209.00,7219.00,100498.00,
2014-09-23,7229.00,7319.00,7225.41,7257.50,14229.00,
2014-09-24,7256.00,7273.00,7223.44,7228.00,9223.00,
2014-09-25,7215.00,7277.00,7193.00,7260.00,17228.00,
2014-09-26,7310.00,7310.00,7252.00,7266.50,9841.00,
2014-09-29,7293.00,7321.98,7279.36,7277.50,12445.00,
2014-09-30,7270.00,7302.00,7227.11,7249.00,30377.00,
2014-10-01,7248.00,7290.36,7231.36,7286.00,15039.00,
2014-10-02,7294.00,7322.00,7264.00,7318.50,14466.00,
2014-10-03,7284.00,7300.04,7257.00,7265.50,12346.00,
2014-10-06,7257.00,7292.00,7249.55,7290.00,12935.00,
2014-10-07,7286.00,7320.00,7279.16,7319.50,6294.00,
2014-10-08,7344.00,7366.52,7297.00,7296.50,17797.00,
2014-10-09,7358.00,7388.00,7348.45,7373.50,14847.00,
2014-10-10,7374.00,7417.86,7365.42,7397.50,8742.00,
2014-10-13,7439.00,7447.20,7395.00,7447.50,14207.00,
2014-10-14,7460.00,7556.45,7458.56,7517.00,25096.00,
2014-10-15,7460.00,7564.81,7452.00,7569.00,17858.00,
2014-10-16,7516.00,7563.00,7500.70,7514.50,33736.00,
2014-10-17,7507.00,7514.00,7438.00,7447.50,13490.00,
2014-10-20,7494.00,7506.00,7469.00,7487.50,10758.00,
2014-10-21,7522.00,7539.47,7498.47,7538.50,623407.00,
2014-10-22,7532.00,7557.60,7513.14,7517.00,22502.00,
2014-10-23,7504.00,7527.30,7429.00,7448.50,24777.00,
2014-10-24,7460.00,7470.12,7421.00,7430.00,45697.00,
2014-10-27,7414.00,7432.00,7392.00,7401.00,17576.00,
2014-10-28,7401.00,7418.00,7374.00,7390.00,13658.00,
2014-10-29,7399.00,7405.62,7350.73,7363.50,26231.00,
2014-10-30,7325.00,7325.00,7257.00,7265.50,30017.00,
2014-10-31,7113.00,7184.00,7065.00,7071.50,58744.00,
2014-11-03,7106.00,7117.73,7088.75,7116.50,16433.00,
2014-11-04,7078.00,7130.63,7073.19,7103.00,18842.00,
2014-11-05,6990.00,7008.79,6937.64,6969.00,37935.00,
2014-11-06,6960.00,7017.00,6951.00,7013.50,17012.00,
2014-11-07,6993.00,7156.00,6993.00,7141.00,29776.00,
2014-11-10,7131.00,7168.62,7096.00,7096.00,36587.00,
2014-11-11,7053.00,7111.00,7040.38,7111.00,21867.00,
2014-11-12,7106.00,7174.15,7087.42,7151.00,26443.00,
2014-11-13,7120.00,7184.42,7118.50,7182.50,23462.00,
2014-11-14,7145.00,7315.00,7125.00,7278.50,17744.00,
2014-11-17,7352.00,7398.00,7340.00,7349.50,51180.00,
2014-11-18,7388.00,7500.00,7388.00,7413.50,135033.00,
2014-11-19,7427.00,7464.00,7288.00,7307.50,28827.00,
2014-11-20,7325.00,7417.32,7325.00,7360.50,177544.00,
2014-11-21,7405.00,7474.08,7371.00,7464.50,19071.00,
2014-11-24,7385.00,7455.25,7385.00,7392.50,10373.00,
2014-11-25,7417.00,7449.12,7382.00,7407.00,10520.00,
2014-11-26,7407.00,7420.35,7357.00,7361.50,19814.00,
2014-11-27,7341.00,7378.18,7341.00,7360.50,6281.00,
2014-11-28,7338.00,7347.00,7280.00,7329.50,18494.00,
2014-12-01,7224.00,7410.00,7176.00,7391.50,50922.00,
2014-12-02,7442.00,7457.00,7363.00,7439.50,48305.00,
2014-12-03,7490.00,7506.00,7430.00,7493.50,28048.00,
2014-12-04,7458.00,7504.00,7433.00,7468.00,9828.00,
2014-12-05,7468.00,7471.96,7375.90,7432.50,19147.00,
2014-12-08,7368.00,7538.40,7368.00,7413.00,13592.00,
2014-12-09,7456.00,7653.00,7456.00,7614.00,29578.00,
2014-12-10,7625.00,7639.00,7587.54,7593.00,12565.00,
2014-12-11,7550.00,7581.00,7536.00,7584.50,11048.00,
2014-12-12,7549.00,7579.00,7501.00,7557.00,21884.00,
2014-12-15,7511.00,7561.00,7476.00,7552.50,26440.00,
2014-12-16,7419.00,7533.00,7342.77,7364.50,29683.00,
2014-12-17,7397.00,7450.75,7376.00,7407.00,92276.00,
2014-12-18,7471.00,7526.08,7408.23,7406.50,16962.00,
2014-12-19,7417.00,7449.00,7401.80,7436.50,16492.00,
2014-12-22,7425.00,7444.00,7352.45,7363.00,7455.00,
2014-12-23,7357.00,7401.40,7341.47,7372.00,4684.00,
2014-12-24,7331.00,7383.70,7331.00,7352.00,3366.00,
2014-12-29,7360.00,7486.00,7360.00,7375.50,16080.00,
2014-12-30,7430.00,7537.75,7387.31,7500.50,8317.00,
2014-12-31,7472.00,7482.40,7437.79,7450.50,4609.00,
2015-01-02,7407.00,7520.54,7356.21,7512.00,11183.00,
2015-01-05,7559.00,7667.80,7554.00,7612.50,6253.00,
2015-01-06,7711.00,7756.00,7690.64,7733.50,14322.00,
2015-01-07,7746.00,7831.82,7746.00,7824.50,14868.00,
2015-01-08,7790.00,7822.14,7761.00,7801.50,112128.00,
2015-01-09,7744.00,7823.25,7744.00,7794.50,7627.00,
2015-01-12,7825.00,7882.47,7813.57,7854.50,11142.00,
2015-01-13,7986.00,7986.00,7894.00,7923.50,28903.00,
2015-01-14,7843.00,7917.20,7823.27,7893.50,7494.00,
2015-01-15,7950.00,8091.73,7825.24,8083.50,11899.00,
2015-01-16,7989.00,8201.36,7989.00,8199.00,33376.00,
2015-01-19,8145.00,8215.00,8135.12,8161.00,23612.00,
2015-01-20,8278.00,8287.70,8182.60,8265.50,31017.00,
2015-01-21,8311.00,8372.00,8255.04,8272.50,20626.00,
2015-01-22,8238.00,8419.40,8148.42,8401.50,33863.00,
2015-01-23,8384.00,8422.78,8297.68,8329.50,27359.00,
2015-01-26,8306.00,8330.96,8216.08,8238.50,40242.00,
2015-01-27,8224.00,8270.00,8215.98,8256.50,16649.00,
2015-01-28,8231.00,8256.39,8204.09,8228.50,17416.00,
2015-01-29,8206.00,8212.76,8110.74,8115.00,178487.00,
2015-01-30,8127.00,8236.16,8112.00,8222.00,23542.00,
2015-02-02,8261.00,8261.00,8171.11,8228.00,13162.00,
2015-02-03,8293.00,8304.08,8056.00,8078.50,16753.00,
2015-02-04,8088.00,8188.00,8023.00,8050.50,12328.00,
2015-02-05,8086.00,8086.00,7969.00,7984.50,20483.00,
2015-02-06,8036.00,8036.00,7822.08,7832.00,18191.00,
2015-02-09,7875.00,7929.74,7875.00,7902.50,9056.00,
2015-02-10,7918.00,7920.00,7849.52,7875.50,12810.00,
2015-02-11,7850.00,7870.00,7761.00,7794.50,12319.00,
2015-02-12,7774.00,7842.00,7697.00,7721.00,14677.00,
2015-02-13,7735.00,7799.00,7714.00,7758.50,12073.00,
2015-02-16,7757.00,7786.70,7757.00,7768.50,11527.00,
2015-02-17,7720.00,7736.86,7621.18,7638.00,47045.00,
2015-02-18,7637.00,7650.91,7528.00,7529.50,27046.00,
2015-02-19,7628.00,7685.00,7589.00,7593.50,35092.00,
2015-02-20,7600.00,7666.00,7588.57,7612.50,9582.00,
2015-02-23,7564.00,7607.00,7485.56,7536.50,16821.00,
2015-02-24,7525.00,7550.00,7491.01,7499.50,13107.00,
2015-02-25,7555.00,7584.00,7537.51,7545.50,10160.00,
2015-02-26,7595.00,7635.56,7566.00,7616.50,13111.00,
2015-02-27,7603.00,7654.92,7577.19,7636.50,9936.00,
2015-03-02,7679.00,7687.95,7626.16,7629.50,15517.00,
2015-03-03,7620.00,7652.60,7591.04,7585.50,12482.00,
2015-03-04,7603.00,7638.42,7600.00,7638.00,12545.00,
2015-03-05,7633.00,7686.00,7620.00,7674.50,15035.00,
2015-03-06,7613.00,7651.60,7554.53,7559.50,22810.00,
2015-03-09,7541.00,7551.41,7493.98,7496.00,52595.00,
2015-03-10,7447.00,7529.00,7439.73,7456.50,27320.00,
2015-03-11,7482.00,7482.80,7445.68,7465.00,13547.00,
2015-03-12,7516.00,7516.00,7480.00,7488.50,17416.00,
2015-03-13,7542.00,7629.52,7541.75,7582.50,11105.00,
2015-03-16,7610.00,7631.14,7542.89,7542.50,8652.00,
2015-03-17,7562.00,7611.00,7513.00,7556.00,15224.00,
2015-03-18,7532.00,7617.00,7532.00,7598.00,39994.00,
2015-03-19,7618.00,7727.74,7564.00,7702.50,15073.00,
2015-03-20,7700.00,7721.52,7642.00,7696.00,25313.00,
2015-03-23,7710.00,7733.51,7678.17,7709.50,16598.00,
2015-03-24,7712.00,7771.00,7700.80,7762.50,35318.00,
2015-03-25,7762.00,7803.60,7758.34,7790.50,74279.00,
2015-03-26,7850.00,7915.00,7828.52,7869.50,37716.00,
2015-03-27,7848.00,7870.00,7767.48,7815.50,19843.00,
2015-03-30,7795.00,7815.60,7750.00,7756.50,20483.00,
2015-03-31,7748.00,7786.60,7739.00,7751.50,21003.00,
2015-04-01,7736.00,7872.35,7736.00,7858.50,9862.00,
2015-04-02,7875.00,7902.67,7810.48,7826.00,31899.00,
2015-04-07,7878.00,7915.14,7875.00,7908.00,9575.00,
2015-04-08,7890.00,7896.49,7810.38,7818.00,38380.00,
2015-04-09,7793.00,7880.43,7793.00,7855.50,17702.00,
2015-04-10,7860.00,8007.00,7860.00,7995.00,17963.00,
2015-04-13,8000.00,8001.11,7931.16,7927.50,14052.00,
2015-04-14,7884.00,7911.00,7816.00,7846.50,28256.00,
2015-04-15,7823.00,7854.06,7818.64,7840.00,6898.00,
2015-04-16,7872.00,7898.00,7768.00,7778.00,9791.00,
2015-04-17,7792.00,7813.68,7767.00,7806.00,8482.00,
2015-04-20,7832.00,7834.68,7732.00,7751.00,7848.00,
2015-04-21,7790.00,7821.00,7756.00,7774.50,10352.00,
2015-04-22,7741.00,7806.87,7639.55,7667.00,62174.00,
2015-04-23,7643.00,7718.00,7643.00,7678.00,25214.00,
2015-04-24,7654.00,7667.00,7510.00,7523.50,47840.00,
2015-04-27,7524.00,7673.39,7524.00,7662.00,17762.00,
2015-04-28,7639.00,7689.00,7604.00,7670.00,6237.00,
2015-04-29,7619.00,7633.80,7560.00,7587.50,9354.00,
2015-04-30,7584.00,7593.76,7422.04,7438.50,157099.00,
2015-05-01,7464.00,7510.00,7444.72,7510.00,23595.00,
2015-05-05,7624.00,7679.00,7595.00,7629.50,29550.00,
2015-05-06,7604.00,7704.00,7548.18,7564.50,17473.00,
2015-05-07,7531.00,7588.24,7514.00,7535.00,8446.00,
2015-05-08,7436.00,7503.00,7425.00,7438.50,13109.00,
2015-05-11,7482.00,7482.00,7339.26,7339.00,9096.00,
2015-05-12,7359.00,7400.00,7309.24,7373.50,8780.00,
2015-05-13,7335.00,7510.70,7335.00,7483.50,5698.00,
2015-05-14,7460.00,7531.81,7455.16,7514.00,14029.00,
2015-05-15,7502.00,7517.00,7468.61,7508.50,6423.00,
2015-05-18,7597.00,7622.00,7562.00,7587.50,11532.00,
2015-05-19,7565.00,7645.60,7536.56,7535.00,11797.00,
2015-05-20,7541.00,7562.00,7521.00,7548.00,14614.00,
2015-05-21,7548.00,7550.67,7427.00,7456.50,15367.00,
2015-05-22,7470.00,7542.23,7470.00,7536.00,6630.00,
2015-05-26,7503.00,7538.00,7461.00,7473.00,11402.00,
2015-05-27,7477.00,7524.71,7458.97,7509.50,221223.00,
2015-05-28,7508.00,7541.76,7423.00,7539.50,23624.00,
2015-05-29,7525.00,7574.00,7517.00,7547.00,5321.00,
2015-06-01,7529.00,7655.12,7516.10,7618.00,36276.00,
2015-06-02,7529.00,7596.00,7519.00,7539.00,3995.00,
2015-06-03,7518.00,7564.00,7503.56,7526.00,5135.00,
2015-06-04,7465.00,7492.00,7398.00,7406.50,5827.00,
2015-06-05,7421.00,7448.00,7403.00,7423.00,5383.00,
2015-06-08,7432.00,7497.00,7414.00,7433.00,8480.00,
2015-06-09,7430.00,7494.00,7430.00,7433.00,27929.00,
2015-06-10,7425.00,7451.00,7411.91,7412.50,5413.00,
2015-06-11,7422.00,7429.28,7357.16,7370.00,8963.00,
2015-06-12,7386.00,7405.00,7333.00,7341.00,6216.00,
2015-06-15,7381.00,7407.00,7322.00,7388.00,7730.00,
2015-06-16,7364.00,7378.72,7293.30,7310.50,7419.00,
2015-06-17,7280.00,7328.00,7229.00,7260.50,5649.00,
2015-06-18,7287.00,7347.46,7256.00,7341.50,5018.00,
2015-06-19,7321.00,7362.00,7301.00,7323.50,4259.00,
2015-06-22,7310.00,7328.00,7235.00,7266.00,7151.00,
2015-06-23,7246.00,7298.36,7244.59,7245.00,6713.00,
2015-06-24,7227.00,7260.00,7196.00,7236.50,7457.00,
2015-06-25,7268.00,7268.00,7195.00,7224.50,15564.00,
2015-06-26,7247.00,7247.00,7194.16,7218.00,6736.00,
2015-06-29,7260.00,7301.00,7223.51,7230.50,16157.00,
2015-06-30,7227.00,7271.00,7184.70,7214.50,5645.00,
2015-07-01,7206.00,7278.00,7206.00,7248.00,8276.00,
2015-07-02,7230.00,7249.00,7192.00,7221.50,15679.00,
2015-07-03,7251.00,7267.61,7231.48,7266.00,4529.00,
2015-07-06,7250.00,7289.44,7229.56,7248.00,314523.00,
2015-07-07,7324.00,7324.00,7205.20,7235.50,9535.00,
2015-07-08,7238.00,7333.69,7183.00,7331.50,7905.00,
2015-07-09,7314.00,7346.00,7291.00,7323.00,12892.00,
2015-07-10,7295.00,7309.34,7219.00,7266.50,7716.00,
2015-07-13,7236.00,7262.73,7169.45,7213.50,22353.00,
2015-07-14,7225.00,7251.00,7164.00,7183.00,11117.00,
2015-07-15,7145.00,7177.00,7070.00,7107.50,10929.00,
2015-07-16,7110.00,7134.00,7064.00,7110.50,5199.00,
2015-07-17,7102.00,7120.00,6983.00,7003.50,9915.00,
2015-07-20,6910.00,6959.12,6855.59,6895.00,17629.00,
2015-07-21,6875.00,6918.00,6856.92,6895.00,16419.00,
2015-07-22,6792.00,6816.00,6717.00,6772.00,459756.00,
2015-07-23,6798.00,6864.00,6788.80,6826.00,130856.00,
2015-07-24,6776.00,6791.00,6732.00,6779.50,11604.00,
2015-07-27,6840.00,6914.00,6788.46,6819.00,94204.00,
2015-07-28,6820.00,6839.28,6776.40,6795.00,199769.00,
2015-07-29,6806.00,6815.00,6741.39,6777.00,10649.00,
2015-07-30,6728.00,6793.12,6704.00,6788.00,12895.00,
2015-07-31,6722.00,6803.77,6685.00,6788.00,12414.00,
2015-08-03,6786.00,6816.00,6737.00,6768.00,6027.00,
2015-08-04,6774.00,6800.00,6732.76,6763.00,3558.00,
2015-08-05,6753.00,6774.24,6711.00,6723.00,3733.00,
2015-08-06,6750.00,6828.00,6707.20,6802.00,8275.00,
2015-08-07,6802.00,6880.87,6768.00,6864.50,7234.00,
2015-08-10,6576.00,6878.09,6576.00,6898.50,6992.00,
2015-08-11,6834.00,6945.00,6830.80,6892.50,11663.00,
2015-08-12,6927.00,6962.00,6902.24,6962.00,16013.00,
2015-08-13,6946.00,6950.90,6886.31,6927.50,62004.00,
2015-08-14,6923.00,6941.36,6905.99,6904.50,5156.00,
2015-08-17,6915.00,6949.80,6648.00,6944.00,5169.00,
2015-08-18,6947.00,6957.86,6837.00,6895.50,6663.00,
2015-08-19,6930.00,6983.61,6916.52,6988.00,275565.00,
2015-08-20,7031.00,7105.70,7026.92,7095.50,53425.00,
2015-08-21,7130.00,7152.83,7005.31,7152.50,38068.00,
2015-08-24,7148.00,7177.68,7094.25,7121.50,21930.00,
2015-08-25,7069.00,7069.00,6966.60,7005.50,27971.00,
2015-08-26,7038.00,7041.00,6957.14,7011.50,68394.00,
2015-08-27,6920.00,7077.18,6920.00,7087.00,9670.00,
2015-08-28,7095.00,7287.00,6994.44,7152.50,7259.00,
2015-09-01,7214.00,7296.20,7110.00,7193.50,4097.00,
2015-09-02,7220.00,7347.00,7135.24,7171.50,7797.00,
2015-09-03,7185.00,7190.40,6977.77,7145.00,5862.00,
2015-09-04,7135.00,7165.37,7111.55,7145.00,3883.00,
2015-09-07,7129.00,7242.00,6978.00,7089.00,5103.00,
2015-09-08,7050.00,7187.00,6918.00,7091.50,2796.00,
2015-09-09,7064.00,7070.53,6977.00,6985.00,6373.00,
2015-09-10,6968.00,7102.00,6813.00,6953.50,22018.00,
2015-09-11,6950.00,7028.80,6893.66,6917.50,4254.00,
2015-09-14,6942.00,6965.56,6907.84,6952.50,26009.00,
2015-09-15,6955.00,6963.74,6925.37,6963.00,3741.00,
2015-09-16,6956.00,6998.53,6850.00,7005.00,6656.00,
2015-09-17,6995.00,7014.52,6950.12,6983.00,2835.00,
2015-09-18,7012.00,7077.12,7007.79,7068.00,5692.00,
2015-09-21,7080.00,7104.00,7058.31,7067.50,5282.00,
2015-09-22,7082.00,7101.00,7039.19,7089.50,8655.00,
2015-09-23,7102.08,7192.11,7102.08,7188.50,2900.00,
2015-09-24,7199.00,7331.81,7189.65,7325.00,10498.00,
2015-09-25,7264.00,7314.00,7253.00,7302.50,23882.00,
2015-09-28,7217.00,7256.45,7190.88,7223.00,3855.00,
2015-09-29,7193.49,7241.17,7170.00,7228.50,7079.00,
2015-09-30,7186.00,7188.72,7098.99,7128.50,7549.00,
2015-10-01,7115.00,7133.50,6985.07,7125.00,11044.00,
2015-10-02,7064.00,7257.00,7062.00,7237.00,36066.00,
2015-10-05,7240.00,7272.06,7201.00,7248.00,3123.00,
2015-10-06,7296.00,7315.80,7250.00,7294.50,5520.00,
2015-10-07,7311.56,7311.56,7226.00,7246.50,3688.00,
2015-10-08,7217.00,7244.42,7207.99,7231.00,7058.00,
2015-10-09,7283.00,7315.62,7211.60,7316.50,17676.00,
2015-10-12,7200.00,7358.52,7200.00,7324.50,32982.00,
2015-10-13,7278.00,7410.81,7278.00,7396.50,8150.00,
2015-10-14,7377.00,7435.00,7343.13,7377.50,33279.00,
2015-10-15,7419.00,7443.00,7369.77,7414.00,11905.00,
2015-10-16,7355.00,7415.06,7351.57,7399.00,5319.00,
2015-10-19,7340.00,7354.00,7309.00,7318.50,43636.00,
2015-10-20,7334.00,7377.00,7322.83,7350.00,17966.00,
2015-10-21,7370.00,7373.70,7289.42,7291.50,11005.00,
2015-10-22,7296.00,7344.00,7291.00,7328.50,8151.00,
2015-10-23,7364.00,7407.00,7312.00,7331.50,10099.00,
2015-10-26,7365.00,7370.11,7329.40,7346.50,47204.00,
2015-10-27,7345.00,7383.38,7334.58,7369.00,11514.00,
2015-10-28,7400.00,7481.21,7399.59,7444.00,325569.00,
2015-10-29,7341.00,7416.37,7260.00,7260.00,15132.00,
2015-10-30,7246.00,7268.14,7136.22,7146.00,11692.00,
2015-11-02,7117.00,7152.11,7093.04,7113.50,12449.00,
2015-11-03,7115.00,7126.80,7053.73,7057.00,112889.00,
2015-11-04,7027.00,7035.85,6998.00,7000.50,11209.00,
2015-11-05,6959.00,7052.90,6957.67,7020.50,102223.00,
2015-11-06,7078.00,7093.50,6970.00,6978.00,59387.00,
2015-11-09,7000.00,7028.35,6971.39,6972.00,10187.00,
2015-11-10,6999.00,7004.95,6957.14,7055.00,15298.00,
2015-11-11,6960.00,6960.36,6915.10,6911.00,28889.00,
2015-11-12,6920.00,6929.92,6844.31,6862.50,9705.00,
2015-11-13,6885.00,6913.97,6864.52,6887.00,15763.00,
2015-11-16,6947.00,6983.02,6881.15,6909.50,6157.00,
2015-11-17,6875.00,6891.09,6827.94,6828.00,13656.00,
2015-11-18,6812.00,6812.00,6784.00,6799.00,9887.00,
2015-11-19,6810.00,6853.60,6780.53,6837.50,17385.00,
2015-11-20,6853.00,6881.77,6840.10,6857.00,60379.00,
2015-11-23,6815.00,6850.47,6815.00,6831.00,6057.00,
2015-11-24,6874.00,6928.62,6842.10,6904.50,9291.00,
2015-11-25,6920.00,6920.00,6842.99,6861.00,10869.00,
2015-11-26,6866.00,6882.66,6845.00,6854.50,7788.00,
2015-11-27,6847.00,6857.62,6774.24,6796.50,7579.00,
2015-11-30,6797.00,6839.50,6794.99,6832.00,12074.00,
2015-12-01,6855.00,6863.36,6832.22,6840.50,15898.00,
2015-12-02,6856.00,6867.00,6767.57,6831.50,17592.00,
2015-12-03,6801.00,6845.36,6778.70,6778.50,5895.00,
2015-12-04,6801.00,6950.10,6778.00,6959.50,12381.00,
2015-12-07,6955.00,6955.10,6896.00,6905.50,6235.00,
2015-12-08,6896.00,6953.67,6896.00,6930.00,4426.00,
2015-12-09,6923.00,6937.27,6818.55,6837.50,28701.00,
2015-12-10,6842.00,6867.66,6821.00,6837.00,12500.00,
2015-12-11,6775.00,6840.00,6775.00,6840.00,4567.00,
2015-12-14,6819.00,6862.86,6797.66,6829.50,32510.00,
2015-12-15,6800.00,6817.67,6769.22,6811.00,6423.00,
2015-12-16,6849.00,6925.06,6837.10,6929.00,4093.00,
2015-12-17,6842.00,6914.67,6806.51,6831.00,5743.00,
2015-12-18,6824.00,6932.03,6824.00,6912.50,6947.00,
2015-12-21,6955.00,7011.02,6932.93,7010.50,5989.00,
2015-12-22,6995.00,7022.94,6993.13,7019.00,6006.00,
2015-12-23,6983.00,6993.93,6943.27,6947.00,9515.00,
2015-12-24,6968.00,6982.00,6945.00,6943.50,5129.00,
2015-12-29,6977.00,7005.01,6957.13,6983.50,4209.00,
2015-12-30,6972.00,6982.66,6900.10,6909.00,4020.00,
2015-12-31,6929.00,6930.61,6922.00,6913.00,928.00,
2016-01-04,7019.00,7115.00,7005.00,7085.00,8061.00,
2016-01-05,7112.00,7120.99,7072.00,7113.50,9602.00,
2016-01-06,7154.00,7223.56,7138.00,7210.00,13353.00,
2016-01-07,7259.00,7341.71,7243.11,7339.50,45235.00,
2016-01-08,7261.00,7349.46,7247.07,7343.50,9915.00,
2016-01-11,7353.00,7355.20,7285.99,7313.00,30662.00,
2016-01-12,7309.00,7321.39,7270.82,7304.50,7235.00,
2016-01-13,7240.00,7302.00,7218.99,7272.50,10641.00,
2016-01-14,7340.00,7347.93,7256.86,7268.00,3622.00,
2016-01-15,7360.00,7378.61,7277.80,7360.00,10869.00,
2016-01-18,7388.93,7389.03,7295.6,7378,49860,0.24%
2016-01-19,7375.69,7500,7324.77,7411,18650,0.45%
2016-01-20,7463.99,7527,7449.98,7529.5,20340,1.60%
2016-01-21,7360,7695,7360,7462,19140,-0.90%
2016-01-22,7453.64,7519.03,7377.99,7420.5,15120,-0.56%
2016-01-25,7470.76,7517.23,7470.76,7507.5,11800,1.17%
2016-01-26,7585.72,7605.86,7517.99,7532,16050,0.33%
2016-01-27,7535.57,7582.36,7517.14,7565.5,15580,0.44%
2016-01-28,7577.21,7585.1,7488.76,7498,17380,-0.89%
2016-01-29,7483.86,7618.56,7469.01,7614,11160,1.55%
2016-02-01,7606.01,7610.62,7572.28,7577.5,65140,-0.48%
2016-02-02,7554.55,7586,7527,7567.5,17390,-0.13%
2016-02-03,7546.53,7563,7493.56,7548.5,8250,-0.25%
2016-02-04,7571.2,7651.23,7555.16,7649,11370,1.33%
2016-02-05,7685.23,7718,7641.8,7713,32810,0.84%
2016-02-08,7748.67,8195,7748.67,8010.5,106960,3.86%
2016-02-09,7945.92,8045.41,7924.07,7963,58680,-0.59%
2016-02-10,7941.92,7965.48,7845.19,7961,28120,-0.03%
2016-02-11,8004,8381,8004,8381,68330,5.28%
2016-02-12,8322,8322,8213.34,8253.5,82180,-1.52%
2016-02-15,8075.12,8102.03,8046.4,8064.5,96320,-2.29%
2016-02-16,7995.12,8215.5,7985,8194.5,45910,1.61%
2016-02-17,8193.17,8208.44,8095,8173,17760,-0.26%
2016-02-18,8173.18,8201.9,8084.01,8204.5,181980,0.39%
2016-02-19,8257.4,8355.96,8242,8298.5,82010,1.15%
2016-02-22,8222.47,8321.91,8197.8,8269.5,329980,-0.35%
2016-02-23,8341,8408,7240.8,8403.5,82270,1.62%
2016-02-24,8460.96,8678.13,8460.25,8653,64500,2.97%
2016-02-25,8601.91,8606.62,8487.1,8578,43450,-0.87%
2016-02-26,8544,8567.14,8454,8477,35100,-1.18%
2016-02-29,8547.15,8612.56,8543.4,8556,75590,0.93%
2016-03-01,8578.86,8630.14,8510.2,8548.5,30650,-0.09%
2016-03-02,8484.22,8545,8472.95,8501,54330,-0.56%
2016-03-03,8506,8577.74,8501.35,8571,31610,0.82%
2016-03-04,8600.03,8706.13,8561.5,8630,61070,0.69%
2016-03-07,8621.14,8690,8597.95,8598.5,32580,-0.37%
2016-03-08,8637.95,8682.8,8612.95,8619.5,14040,0.24%
2016-03-09,8556,8572.8,8475.11,8524.5,12580,-1.10%
2016-03-10,8478,8598,8456,8549.5,36400,0.29%
2016-03-11,8608,8609.35,8437.95,8446,25590,-1.21%
2016-03-14,8438.94,8473.14,8372.2,8383.5,32180,-0.74%
2016-03-15,8343.05,8431.65,8343.05,8389.5,21590,0.07%
2016-03-16,8425,8453.49,8411,8414,7260,0.29%
2016-03-17,8559.17,8574.79,8421.46,8417,19270,0.04%
2016-03-18,8414.06,8428.52,8313.35,8345.5,14450,-0.85%
2016-03-21,8338.03,8387.95,8308.52,8360.5,14320,0.18%
2016-03-22,8477.77,8540.61,8441.69,8494.5,39910,1.60%
2016-03-23,8410.73,8418,8322.05,8379,27960,-1.36%
2016-03-24,8330,8363.18,8321,8324.5,81240,-0.65%
2016-03-29,8280.61,8300.2,8236,8296.5,14930,-0.34%
2016-03-30,8298,8320.2,8219.18,8230.5,19060,-0.80%
2016-03-31,8270.43,8321,8266.2,8284.5,25050,0.66%
2016-04-01,8295.75,8331,8243,8254.5,33000,-0.36%
2016-04-04,8261.6,8281.64,8229,8240,17240,-0.18%
2016-04-05,8313.2,8418.6,8313.2,8389,23930,1.81%
2016-04-06,8386,8412.6,8364.2,8367,11690,-0.26%
2016-04-07,8403.2,8520,8402.4,8495,10450,1.53%
2016-04-08,8484,8494.12,8437,8480,10600,-0.18%
2016-04-11,8536,8579.8,8465.15,8514,28780,0.40%
2016-04-12,8510.8,8557.76,8471,8511,162590,-0.04%
2016-04-13,8475.2,8479.52,8414.6,8454.5,18920,-0.66%
2016-04-14,8438,8487.9,8400.25,8414.5,31980,-0.47%
2016-04-15,8384.85,8399.9,8361.25,8368,16160,-0.55%
2016-04-18,8406,8444.7,8352.45,8357,13830,-0.13%
2016-04-19,8387,8418.95,8345,8414.5,16120,0.69%
2016-04-20,8389.63,8423.75,8373.55,8417.5,8250,0.04%
2016-04-21,8465.42,8508.3,8400.9,8437,13290,0.23%
2016-04-22,8379.4,8400.45,8310.99,8333.5,23770,-1.23%
2016-04-25,8257.43,8283.25,8199.8,8255.5,18890,-0.94%
2016-04-26,8210.9,8350,8161.1,8217,137570,-0.47%
2016-04-27,8247.1,8291,8227.9,8288,53520,0.86%
2016-04-28,8313.48,8367.1,8297,8373.5,13290,1.03%
2016-04-29,8407.64,8544.25,8397.35,8540,53790,1.99%
2016-05-03,8523.1,8566.93,8492.1,8542.5,22950,0.03%
2016-05-04,8492,8573.8,8489.1,8543.5,45260,0.01%
2016-05-05,8503.75,8557.85,8496,8506.5,17880,-0.43%
2016-05-06,8527,8638.4,8505.8,8626,47750,1.40%
2016-05-09,8572.14,8595.76,8474,8480,41540,-1.69%
2016-05-10,8481.2,8481.2,8405.8,8413.5,12670,-0.78%
2016-05-11,8507.65,8539.85,8495.5,8484,20650,0.84%
2016-05-12,8512,8517.38,8441,8460,22680,-0.28%
2016-05-13,8547,8555.45,8484.51,8540.5,22040,0.95%
2016-05-16,8615.91,8645,8538.45,8548.5,31190,0.09%
2016-05-17,8491,8552.9,8464.09,8540.5,56130,-0.09%
2016-05-18,8511.6,8522,8389.04,8401.5,26080,-1.63%
2016-05-19,8294.85,8310,8230.1,8280,21310,-1.45%
2016-05-20,8314.24,8350.55,8309.55,8311.5,18950,0.38%
2016-05-23,8318.92,8348,8296.55,8325.5,23140,0.17%
2016-05-24,8288.2,8290.34,8140,8144.5,18140,-2.17%
2016-05-25,8092.78,8096.48,7993,8030,156360,-1.41%
2016-05-26,8047,8085.55,8026.2,8038,56440,0.10%
2016-05-27,8035,8051.75,7995.41,8003.5,22810,-0.43%
2016-05-31,8001,8122.5,7976.63,8046.5,30430,0.54%
2016-06-01,8106.1,8158,8096.85,8105.5,23520,0.73%
2016-06-02,8130.41,8140.08,8092.98,8104,16630,-0.02%
2016-06-03,8117.9,8250.55,8102.1,8242.5,59920,1.71%
2016-06-06,8331.8,8342.97,8289.1,8318.5,122150,0.92%
2016-06-07,8275.17,8275.17,8190,8226,19270,-1.11%
2016-06-08,8302,8373.16,8292.85,8371,27120,1.76%
2016-06-09,8397.16,8470.15,8385.97,8464,79560,1.11%
2016-06-10,8472.81,8602.2,8455,8542,54980,0.92%
2016-06-13,8722,8784,8630.85,8685.5,49990,1.68%
2016-06-14,8733.6,8814,8666.05,8774,60900,1.02%
2016-06-15,8767.55,8769.12,8697.48,8728,81190,-0.52%
2016-06-16,8948,9054.36,8866.4,8974,70190,2.82%
2016-06-17,8688,8734.48,8663.48,8702.5,49140,-3.03%
2016-06-20,8511,8515.76,8423.64,8449,48390,-2.91%
2016-06-21,8421.81,8421.81,8316,8362.5,76230,-1.02%
2016-06-22,8311,8355.7,8270.6,8352,29030,-0.13%
2016-06-23,8284.17,8304.84,8140,8248.5,61610,-1.24%
2016-06-24,10000,10000,8335.7,9318,209620,12.97%
2016-06-27,9519.01,9775.6,9485.92,9663,161390,3.70%
2016-06-28,9541.91,9563.81,8184.9,9514.5,114880,-1.54%
2016-06-29,9571.48,9577.25,9420.17,9446,71240,-0.72%
2016-06-30,9448,9613.65,9420,9580,47130,1.42%
2016-07-01,9664,9731.65,9650.4,9724,64250,1.50%
2016-07-04,9817,9847.12,9778,9790,78980,0.68%
2016-07-05,9795,9986.11,9795,9979.5,86030,1.94%
2016-07-06,10200,10282.74,10136,10223.5,217430,2.45%
2016-07-07,10173,10198.5,10051.62,10116,55350,-1.05%
2016-07-08,10122,10163.2,9969.2,10059,141830,-0.56%
2016-07-11,10151,10200.74,10047.26,10090.5,52850,0.31%
2016-07-12,9980.25,9999.02,9758.26,9762,88670,-3.26%
2016-07-13,9739,9801.26,9697.74,9806,84450,0.45%
2016-07-14,9732.35,9732.35,9245.24,9615.5,67100,-1.94%
2016-07-15,9604.08,9687.26,9558.62,9690,62340,0.77%
2016-07-18,9663,9736.92,9627.92,9635,69150,-0.57%
2016-07-19,9710,9800.74,9696,9772,26240,1.42%
2016-07-20,9789,9789,9624.3,9655,28060,-1.20%
2016-07-21,9577,9688,9577,9662,47520,0.07%
2016-07-22,9650.26,9768,9615.1,9755,418320,0.96%
2016-07-25,9676,9694,9637.26,9694,86650,-0.63%
2016-07-26,9722,9764,9662.33,9701.5,42020,0.08%
2016-07-27,9705,9767.9,9682.76,9756.5,171490,0.57%
2016-07-28,9800.46,9853.68,9787,9813,181300,0.58%
2016-07-29,9765,9846.97,9734.8,9790.5,331970,-0.23%
2016-08-01,9808,9889.72,9808,9869,50260,0.80%
2016-08-02,9873,9942.46,9863.6,9896,72040,0.27%
2016-08-03,9886.9,9899.07,9817.55,9822.5,72020,-0.74%
2016-08-04,9800.89,10024.54,9779.73,10010,68680,1.91%
2016-08-05,10026,10026,9353.26,9875,53760,-1.35%
2016-08-08,9859.39,9888.9,9819.1,9878.5,34380,0.04%
2016-08-09,9883.55,9973.9,9883.55,9944.5,54990,0.67%
2016-08-10,10018.9,10018.9,9957.46,9981,136010,0.37%
2016-08-11,9947,10062.97,9947,10047.5,75450,0.67%
2016-08-12,9963,10092,9946.05,10079,376080,0.31%
2016-08-15,9991,10059.25,9989,10052,29330,-0.27%
2016-08-16,10074,10084,9979.32,10006,27290,-0.46%
2016-08-17,9935.93,10033.66,9925.19,9977,37600,-0.29%
2016-08-18,9981.75,9991.12,9867.32,9898,36120,-0.79%
2016-08-19,9891,9955.88,9862.12,9917,111660,0.19%
2016-08-22,9849.76,9859.12,9807.8,9826,15460,-0.92%
2016-08-23,9807.54,9831,9786.75,9788.5,35590,-0.38%
2016-08-24,9791.25,9795.12,9636.22,9674.5,30360,-1.16%
2016-08-25,9673,9686.81,9574.58,9665,37880,-0.10%
2016-08-26,9664,9755,9535.5,9727,121420,0.64%
2016-08-30,9740.75,9753.2,9684,9703.5,39110,-0.24%
2016-08-31,9669.76,9672.16,9606.5,9606.5,75970,-1.00%
2016-09-01,9591.26,9591.26,9474.47,9517,53410,-0.93%
2016-09-02,9519.8,9618.84,9500,9559.5,64880,0.45%
2016-09-05,9608.04,9619.25,9562.4,9610.5,16320,0.53%
2016-09-06,9591.48,9651.6,9591.48,9622,52620,0.12%
2016-09-07,9706.12,9744.88,9689.6,9712,59990,0.94%
2016-09-08,9738.88,9748,9711,9711,26010,-0.01%
2016-09-09,9674.25,9706.6,9656,9703.5,29890,-0.08%
2016-09-12,9659.62,9660.38,9580,9580,42090,-1.27%
2016-09-13,9621.51,9695,9455.95,9695,31250,1.20%
2016-09-14,9633.64,9711.12,9629.64,9672.5,16890,-0.23%
2016-09-15,9629.7,9663.89,9577,9615.5,18290,-0.59%
2016-09-16,9581.92,9667.68,9580.32,9654.5,34590,0.41%
2016-09-19,9722.9,9732.6,9678.64,9697,19490,0.44%
2016-09-20,9721.88,9791,9721.25,9787,61210,0.93%
2016-09-21,9802.9,9867.6,9789.4,9866,38880,0.81%
2016-09-22,9847,9870,9820.07,9860.5,31570,-0.06%
2016-09-23,9875.68,9978.9,9875.68,9959,18380,1.00%
2016-09-26,9943.4,9997,9942.36,9963,35140,0.04%
2016-09-27,9913.5,9962.32,9836,9837,30050,-1.26%
2016-09-28,9796.7,9850.08,9788.05,9789,63870,-0.49%
2016-09-29,9778.51,9811.84,9760.88,9784,19430,-0.05%
2016-09-30,9846.88,9881,9780,9776.5,36180,-0.08%
2016-10-03,9824,9878,9824,9855.5,34430,0.81%
2016-10-04,9882.32,9903.6,9666.09,9700.5,38320,-1.57%
2016-10-05,9652.7,9662.13,9576.4,9578.5,49760,-1.26%
2016-10-06,9591.4,9645,9534.08,9558,47740,-0.21%
2016-10-07,9707.6,9901.68,9549.13,9709,72620,1.58%
2016-10-10,9847,9847,9786.6,9790.5,61810,0.84%
2016-10-11,9884.95,9924.95,9822.32,9924.5,78160,1.37%
2016-10-12,9874.6,10018.08,9821.48,9898.5,43480,-0.26%
2016-10-13,9974.24,9987.6,9924,9926,32310,0.28%
2016-10-14,9922,9941,9842.6,9906,95830,-0.20%
2016-10-17,9917,9956.6,9905.6,9930,29510,0.24%
2016-10-18,9935.25,9945.6,9849.96,9870.5,220470,-0.60%
2016-10-19,9907,9981.64,9888.6,9973,44270,1.04%
2016-10-20,9968,10030.88,9955.6,9962.5,21170,-0.11%
2016-10-21,9948,10030,9940.22,10001,18360,0.39%
2016-10-24,9979.88,10029,9945.36,9971,80560,-0.30%
2016-10-25,9985,10120.53,9984.4,10083.5,65490,1.13%
2016-10-26,10088.75,10097.6,9987.6,9990.5,81610,-0.92%
2016-10-27,10010.75,10040,9850.4,10037.5,42510,0.47%
2016-10-28,10048.25,10090.6,10003,10060,30990,0.22%
2016-10-31,10089,10110,10049.32,10044.5,39210,-0.15%
2016-11-01,10054.15,10169.54,9964.12,10169,39450,1.24%
2016-11-02,10176.6,10220.43,10138.6,10220,111810,0.50%
2016-11-03,10160.7,10187.53,9948,10065,232730,-1.52%
2016-11-04,10035.15,10078.11,10008.6,10029,57050,-0.36%
2016-11-07,10005,10009.6,9947,9951.5,150390,-0.77%
2016-11-08,9957,10028.6,9935.4,9934.5,74540,-0.17%
2016-11-09,10197,10197,9920.1,9923,391160,-0.12%
2016-11-10,9947,10001,9713.14,9728,59630,-1.97%
2016-11-11,9641.75,9643.44,9379.4,9422,939140,-3.15%
2016-11-14,9431,9476.91,9368,9420,993720,-0.02%
2016-11-15,9458.47,9584.16,9450.5,9499,261600,0.84%
2016-11-16,9489,9520.1,9464.25,9493,38900,-0.06%
2016-11-17,9505,9510.1,9458,9490.5,37000,-0.03%
2016-11-18,9369.59,9488,9337.24,9445.5,49060,-0.47%
2016-11-21,9478,9512,9351.05,9370,66490,-0.80%
2016-11-22,9390,9439.51,9361,9366.5,62680,-0.04%
2016-11-23,9415.74,9439,8300,9205,108640,-1.72%
2016-11-24,9198.2,9211.7,9156.75,9169,57410,-0.39%
2016-11-25,9178.92,9238.35,9085.9,9126,44630,-0.47%
2016-11-28,9176,9267.1,9176,9234.5,19860,1.19%
2016-11-29,9251,9259.25,9115.75,9145,57950,-0.97%
2016-11-30,9177,9213.25,9031.74,9042.5,39160,-1.12%
2016-12-01,9009.7,9011.21,8300,8945,106560,-1.08%
2016-12-02,8964,8991.25,8900.44,8923,46360,-0.25%
2016-12-05,8895.52,8897.09,8767.22,8834.5,49930,-0.99%
2016-12-06,8858.19,8888.25,8834.25,8878.5,27220,0.50%
2016-12-07,8906,9022.95,8898.75,8990,31690,1.26%
2016-12-08,8952,9051.71,8909.75,8977,59990,-0.14%
2016-12-09,8960.25,9000.68,8886.75,8899,33340,-0.87%
2016-12-12,8839,8850.39,8803,8823.5,70690,-0.85%
2016-12-13,8823.75,8828.92,8000,8791.5,18320,-0.36%
2016-12-14,8841.8,8859.4,8802.9,8816.5,61950,0.28%
2016-12-15,8742,8757,8681.14,8738.5,70820,-0.88%
2016-12-16,8777.95,8807.03,8739,8796,31170,0.66%
2016-12-19,8796,8875,8779.66,8843,24900,0.53%
2016-12-20,8829.91,8852.95,8792,8792,28390,-0.58%
2016-12-21,8844,8859,8778.48,8818.5,18320,0.30%
2016-12-22,8810.91,8874,8778.81,8862.5,47620,0.50%
2016-12-23,8860.81,8900,8859.9,8891,129510,0.32%
2016-12-28,8954,8994.56,8949.62,8976,43850,0.96%
2016-12-29,9022,9084.39,8998.75,9116,17090,1.56%
2016-12-30,9092,9092,9066,9066.5,7200,-0.54%
2017-01-03,9041,9131.49,8984.66,9115.5,31170,0.54%
2017-01-04,9119.29,9162.66,9112.9,9114,27100,-0.02%
2017-01-05,9208.9,9216.8,9149.37,9169,197940,0.60%
2017-01-06,9139,9209.35,9139,9165.5,16880,-0.04%
2017-01-09,9272,9531.45,9258.78,9356.5,95050,2.08%
2017-01-10,9386.54,9418,9351.89,9400.5,15400,0.47%
2017-01-11,9404.51,9451.44,9361.12,9427,32460,0.28%
2017-01-12,9424.7,9485.91,9412.17,9475,37300,0.51%
2017-01-13,9461.78,9491,9427.31,9428,17320,-0.50%
2017-01-16,9630,9733.75,9584.65,9610,53850,1.93%
2017-01-17,9621.96,9664,9426,9449.5,55000,-1.67%
2017-01-18,9457.17,9517.35,9450,9479.5,82140,0.32%
2017-01-19,9396.53,9468.47,9360.04,9388,88350,-0.97%
2017-01-20,9415.78,9431,9373.22,9396.5,20500,0.09%
2017-01-23,9384,9395.22,9347.37,9383.5,16510,-0.14%
2017-01-24,9363.69,9395.16,9332.36,9331.5,22900,-0.55%
2017-01-25,9278.52,9278.52,9135.72,9154.5,60670,-1.90%
2017-01-26,9121,9121,9065.91,9088.5,146270,-0.72%
2017-01-27,9067.23,9135.38,9032.26,9130,36980,0.46%
2017-01-30,9139,9222,9120,9211.5,30930,0.89%
2017-01-31,9245.07,9327.48,9215.23,9283.5,21270,0.78%
2017-02-01,9245.56,9271,9132.3,9162.5,41650,-1.30%
2017-02-02,9231.74,9388.22,9221.48,9348,19480,2.02%
2017-02-03,9335.37,9400,9312.65,9393.5,15050,0.49%
2017-02-06,9431,9511.35,9422,9497.5,29060,1.11%
2017-02-07,9528.97,9587.03,9524.07,9511,27710,0.14%
2017-02-08,9499,9557.45,9494.25,9532,20110,0.22%
2017-02-09,9531.48,9534.22,9457.78,9475,28280,-0.60%
2017-02-10,9420.47,9506.81,9420.47,9498.5,13690,0.25%
2017-02-13,9477,9477,9395.8,9414,12760,-0.89%
2017-02-14,9423,9528.96,9423,9462,20280,0.51%
2017-02-15,9466,9515,9453.3,9489.5,198250,0.29%
2017-02-16,9514.48,9562,9511.65,9558.5,38330,0.73%
2017-02-17,9529,9652,9529,9598,24730,0.41%
2017-02-20,9561.75,9563.61,9528.52,9558,19200,-0.42%
2017-02-21,9555,9561.05,9507.17,9542,37230,-0.17%
2017-02-22,9511.65,9585.35,9501,9530,13230,-0.13%
2017-02-23,9560.48,9612,9540.39,9575.5,14610,0.48%
2017-02-24,9613,9687,9611.65,9687,16970,1.16%
2017-02-27,9747.8,9756.48,9313.05,9747,26550,0.62%
2017-02-28,9711,9736,9679,9733,23870,-0.14%
2017-03-01,9693,9725,9671,9719,13940,-0.14%
2017-03-02,9758,9900,9689.52,9701,19110,-0.19%
2017-03-03,9636,9676,9611.39,9617,16760,-0.87%
2017-03-06,9659,9688,9636.52,9645,21600,0.29%
2017-03-07,9644,9668,9604.52,9609,21390,-0.37%
2017-03-08,9586,9620,9539.78,9570.5,35640,-0.40%
2017-03-09,9534.3,9606.45,9520,9526,16100,-0.46%
2017-03-10,9456.17,9524.5,9454.52,9495,39930,-0.33%
2017-03-13,9515,9533,9468,9489,15730,-0.06%
2017-03-14,9523.52,9569.91,9515.52,9536.5,15770,0.50%
2017-03-15,9475,9497,9447.85,9453,8590,-0.88%
2017-03-16,9616,9625,9555.52,9573,16400,1.27%
2017-03-17,9561,9587,9525.52,9549,15790,-0.25%
2017-03-20,9560,9609.52,9548,9610.5,29110,0.64%
2017-03-21,9562,9600,9504.51,9589,127790,-0.22%
2017-03-22,9617.99,9671,9610,9637,15610,0.50%
2017-03-23,9616,9643,9334.82,9557.5,22810,-0.82%
2017-03-24,9586,9628.7,9563.78,9612,11820,0.57%
2017-03-27,9650,9651,9593,9581.5,21480,-0.32%
2017-03-28,9590,9654,9575.52,9660.5,19350,0.82%
2017-03-29,9702,9715.8,9664.52,9702,11050,0.43%
2017-03-30,9689.5,9696.45,9594.65,9624.5,11780,-0.80%
2017-03-31,9598.8,9619,9558.78,9573,22440,-0.54%
2017-04-03,9575,9671,9554.52,9663.5,23980,0.95%
2017-04-04,9726,9757.85,9688,9711,23050,0.49%
2017-04-05,9718.7,9722.7,9604.52,9630,22570,-0.83%
2017-04-06,9656.75,9683,9633.52,9637,26180,0.07%
2017-04-07,9746,9880,9744,9810.5,69610,1.80%
2017-04-10,9726,9737,9675.8,9709,23660,-1.03%
2017-04-11,9740,9810.43,9186.6,9804,21410,0.98%
2017-04-12,9822,9827,9790,9809,33030,0.05%
2017-04-13,9843,9890,9184.26,9869.5,88080,0.62%
2017-04-18,9812,9884,9663.52,9706,70500,-1.66%
2017-04-19,9639,9640.75,9582.91,9610,29550,-0.99%
2017-04-20,9603,9624,9574.91,9609,22260,-0.01%
2017-04-21,9610.62,9681,9597.78,9659,57400,0.52%
2017-04-24,9568,9593.7,9421.05,9590.5,49880,-0.71%
2017-04-25,9558.52,9563.8,9494,9495,23390,-1.00%
2017-04-26,9475.52,9506.89,9449.52,9462,164410,-0.35%
2017-04-27,9435,9495.63,9418,9423.5,309000,-0.41%
2017-04-28,9442,9442,9382.08,9418.5,32690,-0.05%
2017-05-02,9391,9391,9324.65,9339.5,24540,-0.84%
2017-05-03,9345,9347.8,9276,9298.5,153060,-0.44%
2017-05-04,9248.7,9250,9138,9157.5,27860,-1.52%
2017-05-05,9154,9859,9102.91,9119,24850,-0.42%
2017-05-08,9107,9169,9107,9130.5,48430,0.13%
2017-05-09,9131,9131,9042.78,9052.5,31520,-0.85%
2017-05-10,9055,9105.8,9045,9071.5,39400,0.21%
2017-05-11,9078.35,9159,9068.52,9142.5,100570,0.78%
2017-05-12,9157.65,9200,9156.52,9180,43950,0.41%
2017-05-15,9165,9212.75,9143.84,9180,25040,0.00%
2017-05-16,9185,9227,9169,9216,23490,0.39%
2017-05-17,9258.75,9352,9234.76,9335.5,18220,1.30%
2017-05-18,9314.52,9329.65,9242.04,9266.5,13580,-0.74%
2017-05-19,9282.52,9287,9232.52,9247,15800,-0.21%
2017-05-22,9277.4,9321,9277.4,9317,16260,0.76%
2017-05-23,9368,9368,9308,9304,21360,-0.14%
2017-05-24,9277,9310.98,9255,9307.5,15620,0.04%
2017-05-25,9315.15,9340,9309.19,9318,24510,0.11%
2017-05-26,9425,9537.32,9420.68,9531.5,13390,2.29%
2017-05-30,9506,9516,9415.02,9439,23200,-0.97%
2017-05-31,9468,9506.32,9431.19,9442,38520,0.03%
2017-06-01,9470,9483,9422,9428,11150,-0.15%
2017-06-02,9425,9539,9420.68,9540.5,24110,1.19%
2017-06-05,9564,9576,9513.32,9520,24220,-0.21%
2017-06-06,9589,9666,9582.32,9659,38490,1.46%
2017-06-07,9624,9645,9580,9588,52960,-0.74%
2017-06-08,9540,9555.32,9468,9467.5,18440,-1.26%
2017-06-09,9663,9663,9555.19,9568.5,31270,1.07%
2017-06-12,9551,9624.02,9549.68,9604,91410,0.37%
2017-06-13,9589,9589,9515.78,9541,17920,-0.66%
2017-06-14,9529.78,9620.35,9523.52,9598,23440,0.60%
2017-06-15,9522.78,9620.98,9437.96,9443,63600,-1.61%
2017-06-16,9441.09,9464.22,9428,9432.5,11830,-0.11%
2017-06-19,9412,9430,9385.39,9420.5,14050,-0.13%
2017-06-20,9398.39,9475.22,9395,9470.5,51560,0.53%
2017-06-21,9488.52,9509.48,9393.83,9448,17610,-0.24%
2017-06-22,9498.52,9518.22,9484.48,9489,40130,0.43%
2017-06-23,9461,9509.09,9458,9480,31670,-0.09%
2017-06-26,9455,9534,9330,9392.5,58030,-0.92%
2017-06-27,9448.61,9450.73,9374,9374,32500,-0.20%
2017-06-28,9392,9400.37,9252.54,9292.5,26490,-0.87%
2017-06-29,9263.36,9266.64,9183,9207.5,15930,-0.91%
2017-06-30,9191,9220,9174.73,9196.5,14450,-0.12%
2017-07-03,9135.52,9161.73,8993.06,9077,147440,-1.30%
2017-07-04,9085.24,9116.64,9085.24,9097,69090,0.22%
2017-07-05,9119,9126,9047.61,9091,37750,-0.07%
2017-07-06,9095,9108.37,9068.36,9070,40750,-0.23%
2017-07-07,9061,9157.62,8905.16,9030,25580,-0.44%
2017-07-10,8996,9074,8984.73,9056,45570,0.29%
2017-07-11,9031.36,9101,9004.73,9087.5,17530,0.35%
2017-07-12,9127.36,9140.64,9074,9106,41470,0.20%
2017-07-13,9079,9092.27,9049.82,9046.5,8990,-0.65%
2017-07-14,9031.09,9100,9022.54,9020,17440,-0.29%
2017-07-17,9027.27,9088,9027,9084.5,25400,0.72%
2017-07-18,9076,9175,9058.85,9163,25150,0.86%
2017-07-19,9139,9171.91,8997.88,9147.5,24070,-0.17%
2017-07-20,9141.91,9224.27,9139,9218.5,20390,0.78%
2017-07-21,9218.27,9276,9208.27,9273,11800,0.59%
2017-07-24,9257,9279.27,9240.27,9265.5,40120,-0.08%
2017-07-25,9265.27,9268.91,9194,9213.5,9020,-0.56%
2017-07-26,9191,9206.91,9178.91,9182.5,19840,-0.34%
2017-07-27,9225.27,9248.94,9217.27,9240.5,12250,0.63%
2017-07-28,9250.27,9298,9236.27,9298.5,12810,0.63%
2017-07-31,9292,9293,9242.91,9247,15910,-0.55%
2017-08-01,9223.91,9265.26,9199.27,9255.5,9930,0.09%
2017-08-02,9210.88,9235.91,9188.27,9232,10680,-0.25%
2017-08-03,9161.27,9293,9146.27,9273.5,38430,0.45%
2017-08-04,9280,9281,9241.27,9258.5,11810,-0.16%
2017-08-07,9259,9284.91,9246.27,9282.5,270630,0.26%
2017-08-08,9285.91,9332,9279.27,9290.5,10030,0.09%
2017-08-09,9358,9432,9354,9412,48630,1.31%
2017-08-10,9468.91,9524,9453,9520.5,40320,1.15%
2017-08-11,9516.91,9549.85,9505.54,9527.5,42190,0.07%
2017-08-14,9505,9523.1,9474,9499,44890,-0.30%
2017-08-15,9458,9512,9450,9501,51160,0.02%
2017-08-16,9489.34,9512,9454,9508.5,17560,0.08%
2017-08-17,9604,9610.45,9561.33,9577,29500,0.72%
2017-08-18,9608,9695.33,9608,9653,31480,0.79%
2017-08-21,9620.34,9628.23,9577,9606,21250,-0.49%
2017-08-22,9582.23,9654.78,9574.01,9630,29110,0.25%
2017-08-23,9631.55,9680,9630.44,9670.5,24280,0.42%
2017-08-24,9654,9669.45,9632,9658.5,22130,-0.12%
2017-08-25,9648,9667,9381.83,9634.5,39430,-0.25%
2017-08-29,9792,10068,9768,9781.5,48770,1.53%
2017-08-30,9727,9760.34,9714.55,9726.5,26630,-0.56%
2017-08-31,9699,9825.56,9691.55,9825.5,24480,1.02%
2017-09-01,9801.55,9830.69,9767.33,9787.5,33540,-0.39%
2017-09-04,9914,9939.25,9878,9897.5,31280,1.12%
2017-09-05,9921,9921,9838,9860,38860,-0.38%
2017-09-06,9877,9923.1,9838,9840.5,32720,-0.20%
2017-09-07,9847.56,9880.66,9817.5,9872,28980,0.32%
2017-09-08,9907,9907,9784,9791,51290,-0.82%
2017-09-11,9720,9749,9695.45,9721,47330,-0.71%
2017-09-12,9650.44,9657.45,9567.77,9596.5,51800,-1.28%
2017-09-13,9598,9659.33,9578.88,9607,21410,0.11%
2017-09-14,9607,9661,9489,9502.5,20910,-1.09%
2017-09-15,9500.33,9508,9269,9345.5,33570,-1.65%
2017-09-18,9294.67,9335,9270.56,9294.5,15270,-0.55%
2017-09-19,9271.67,9319.67,9266.56,9292.5,26750,-0.02%
2017-09-20,9324.34,9334.67,9275,9296.5,23270,0.04%
2017-09-21,9197.24,9229,9141.33,9156.5,25720,-1.51%
2017-09-22,9175.33,9215.67,9152,9200,13840,0.48%
2017-09-25,9157,9286.33,9142.88,9279.5,20060,0.86%
2017-09-26,9302.67,9322.56,9278,9314,79580,0.37%
2017-09-27,9269,9281.34,9201.33,9210,34840,-1.12%
2017-09-28,9188.67,9233.67,9165,9174.5,22780,-0.39%
2017-09-29,9208,9259,9186.55,9197.5,28320,0.25%
2017-10-02,9156,9270,9152,9218.5,34220,0.23%
2017-10-03,9201,9234.67,9182.1,9224.5,34830,0.07%
2017-10-04,9233.56,9272,9199.66,9211.5,33780,-0.14%
2017-10-05,9253.12,9334,9253.01,9325.5,24530,1.24%
2017-10-06,9316.67,9366.67,9284,9361.5,31240,0.39%
2017-10-09,9386,9392.56,9337.66,9370.5,16990,0.10%
2017-10-10,9385,9411.86,9374,9383,32970,0.13%
2017-10-11,9375,9398,9365.08,9370.5,13000,-0.13%
2017-10-12,9386,9474.8,9383,9426.5,16120,0.60%
2017-10-13,9355,9391.8,9330.4,9383.5,34380,-0.46%
2017-10-16,9420,9443.85,9409.85,9431,59140,0.51%
2017-10-17,9338,9389.85,9319.94,9360,21070,-0.75%
2017-10-18,9348.2,9353.85,9316,9323.5,68030,-0.39%
2017-10-19,9315.85,9385.82,9312.15,9376.5,28100,0.57%
2017-10-20,9381.76,9388.85,9279.25,9326.5,11530,-0.53%
2017-10-23,9276,9305,9264.7,9274.5,39130,-0.56%
2017-10-24,9304.15,9326.82,9294.3,9331.5,24040,0.61%
2017-10-25,9328.3,9328.35,9188.65,9241.5,25940,-0.96%
2017-10-26,9273,9296.76,9261.2,9271,20630,0.32%
2017-10-27,9269.85,9308.85,9264.85,9311,16200,0.43%
2017-10-30,9266,9287,9245.85,9283.5,18330,-0.30%
2017-10-31,9275,9275.85,9175.15,9179.5,17990,-1.12%
2017-11-01,9201.75,9254.15,9193,9248.5,12190,0.75%
2017-11-02,9246,9397.79,9235.28,9373.5,11260,1.35%
2017-11-03,9379,9387,9299,9303.5,12780,-0.75%
2017-11-06,9306,9335.68,9297,9336,22050,0.35%
2017-11-07,9331.49,9352,9305.84,9309.5,19690,-0.28%
2017-11-08,9332,9419.48,9332,9425.5,15600,1.25%
2017-11-09,9378.16,9423.84,9370,9391,24770,-0.37%
2017-11-10,9378,9384,9267.26,9276,29780,-1.22%
2017-11-13,9362,9391.84,9346.44,9359.5,15880,0.90%
2017-11-14,9348,9378.45,9304.6,9357.5,49830,-0.02%
2017-11-15,9351,9386,9325,9315.5,9740,-0.45%
2017-11-16,9314,9320,9292,9306.5,16330,-0.10%
2017-11-17,9294,9366,9285,9351.5,31860,0.48%
2017-11-20,9345,9369.4,9299,9299,34150,-0.56%
2017-11-21,9267,9307,9243.45,9299,10160,0.00%
2017-11-22,9302,9321.7,9288.55,9322.5,25810,0.25%
2017-11-23,9297,9325,9288.5,9312,23130,-0.11%
2017-11-24,9308,9313.55,9259.45,9256.5,21320,-0.60%
2017-11-27,9293,9324,9278.6,9327.5,25720,0.77%
2017-11-28,9320,9395,9309,9385.5,30120,0.62%
2017-11-29,9268,9278,9038,9170,44230,-2.30%
2017-11-30,9131,9155.1,9067,9079,95540,-0.99%
2017-12-01,9070,9128.85,9038.09,9153.5,30510,0.82%
2017-12-04,9098,9112,8923.92,9078,22650,-0.82%
2017-12-05,9129,9152.1,9012,9012,17180,-0.73%
2017-12-06,9081,9106,9056.75,9054.5,15300,0.47%
2017-12-07,9020,9031,8791,8961,21020,-1.03%
2017-12-08,8860,8952,8855.7,8950,51050,-0.12%
2017-12-11,8971,8976.8,8949.85,8947,14800,-0.03%
2017-12-12,8943,8957,8763.85,8914.5,19920,-0.36%
2017-12-13,8930,8961,8909.8,8940.5,18330,0.29%
2017-12-14,8949,8987,8948.2,8956.5,13960,0.18%
2017-12-15,8980,9078.8,8970.85,9032,21970,0.84%
2017-12-18,9030,9048.1,8999.85,9048.5,22900,0.18%
2017-12-19,9049,9079.75,9048.1,9064.5,13220,0.18%
2017-12-20,9054,9104.3,9040.2,9052.5,20200,-0.13%
2017-12-21,9073,9097.55,9064.25,9090,12520,0.41%
2017-12-22,9093,9108.7,9075.25,9098.5,9610,0.09%
2017-12-27,9090,9290,9090,9212,37120,1.25%
2017-12-28,9210,9240.25,9200.9,9236.5,6740,0.27%
2017-12-29,9219,9226.31,9206.45,9207,4130,-0.32%
2018-01-02,9278,9301.85,9267,9271.5,12060,0.70%
2018-01-03,9271,9350.85,9263.15,9339.5,15350,0.73%
2018-01-04,9302,9341.8,9280.15,9340,14440,0.01%
2018-01-05,9323,9345,9308.85,9331.5,12470,-0.09%
2018-01-08,9323,9355,9316,9309,12490,-0.24%
2018-01-09,9326,9331.8,9287.2,9307,30030,-0.02%
2018-01-10,9326,9379.85,9311.35,9353,14000,0.49%
2018-01-11,9361,9400.2,9352.82,9356.5,30240,0.04%
2018-01-12,9398,9402.24,9300,9327.5,31840,-0.31%
2018-01-15,9355,9384.8,9310.11,9315,26550,-0.13%
2018-01-16,9316,9322.85,9275,9293.5,182060,-0.23%
2018-01-17,9298,9304.52,9252.24,9260,20720,-0.36%
2018-01-18,9210,9217.58,9179.56,9183,32400,-0.83%
2018-01-19,9210,9236.59,9185.35,9237,24860,0.59%
2018-01-22,9190,9209,9164,9161,16730,-0.82%
2018-01-23,9178,9254,9131.28,9175.5,19640,0.16%
2018-01-24,9186,9192,9113,9125,19370,-0.55%
2018-01-25,9134,9165,9022.24,9137,27220,0.13%
2018-01-26,9114,9159,9095.1,9159,4120,0.24%
2018-01-29,9147,9181.96,9138,9152,5450,-0.08%
2018-01-30,9157,9158.3,9112,9104,6210,-0.52%
2018-01-31,9078,9114.95,9054,9059,9360,-0.49%
2018-02-01,9037,9066.66,9011,9041,13020,-0.20%
2018-02-02,9071,9087,9028.96,9024,7140,-0.19%
2018-02-05,9066,9146,9050,9143,40520,1.32%
2018-02-06,9221,9251.96,9147,9157,31530,0.15%
2018-02-07,9135,9173,9107,9115,21230,-0.46%
2018-02-08,9061,9073.96,8969.96,9066,26300,-0.54%
2018-02-09,9033,9141,9018,9130.5,14020,0.71%
2018-02-12,9162,9193,9123,9192,17380,0.67%
2018-02-13,9174,9198.45,9135.97,9159.5,6490,-0.35%
2018-02-14,9186,9278,9177,9248,19820,0.97%
2018-02-15,9247,9259.07,9196.35,9209,20160,-0.42%
2018-02-16,9220,9267,9220,9242,22180,0.36%
2018-02-19,9219,9250,9213,9226,25210,-0.17%
2018-02-20,9193,9196.97,9138,9120,13200,-1.15%
2018-02-21,9099,9156,9097.97,9135,7180,0.16%
2018-02-22,9134,9145.96,9118,9138,8940,0.03%
2018-02-23,9118,9134.97,9099,9110,4830,-0.31%
2018-02-26,9138,9165,9126,9152,10650,0.46%
2018-02-27,9136,9166.97,9097.97,9091.5,15090,-0.66%
2018-02-28,9089,9170,9089,9164,15950,0.80%
2018-03-01,9141,9150,9096,9124,14410,-0.44%
2018-03-02,9164,9223,9158,9185,14920,0.67%
2018-03-05,9232,9237,9138,9138.5,14180,-0.51%
2018-03-06,9166,9226,9142,9232,61570,1.02%
2018-03-07,9203,9216.79,9138.72,9134,7790,-1.06%
2018-03-08,9160,9161.33,9138,9156.5,10980,0.25%
2018-03-09,9141,9162.1,9111,9134.5,20640,-0.24%
2018-03-12,9135,9140,9076,9092,18270,-0.47%
2018-03-13,9098,9112,9070,9089,20020,-0.03%
2018-03-14,9102,9115.36,9079,9095,8330,0.07%
2018-03-15,9082,9102,9032.31,9056,7660,-0.43%
2018-03-16,9057,9069.44,9024,9038.5,12490,-0.19%
2018-03-19,9007,9010,8931.72,9001,12120,-0.41%
2018-03-20,8962,8979.36,8955,8975.5,7190,-0.28%
2018-03-21,8996,9032.36,8963,9019.5,17660,0.49%
2018-03-22,9017,9047,8995.36,9008.5,14800,-0.12%
2018-03-23,9105,9139,9094,9132.5,33010,1.38%
2018-03-26,9102,9135,9077.36,9120.5,14780,-0.13%
2018-03-27,9119,9158,9087.36,9091,27360,-0.32%
2018-03-28,9071,9081.36,9033.36,9035,11000,-0.62%
2018-03-29,9029,9039.36,9010,9031,12110,-0.04%
2018-04-03,9112,9130,9064,9066,25830,0.39%
2018-04-04,9120,9197,9083,9087.5,31920,0.24%
2018-04-05,9041,9081,9032,9070,52270,-0.19%
2018-04-06,9067,9080.69,9044.48,9062.5,11440,-0.08%
2018-04-09,9047,9050,9019,9037.5,18040,-0.28%
2018-04-10,9032,9063,9030,9045.5,12020,0.09%
2018-04-11,9066,9147,9066,9191.5,15200,1.61%
2018-04-12,9127,9127,8997,9002.5,26580,-2.06%
2018-04-13,9008,9045,8965.77,9041.5,15410,0.43%
2018-04-16,9025,9037,8996,9021,16960,-0.23%
2018-04-17,8993,8996.96,8952,9006.5,17090,-0.16%
2018-04-18,9030,9129,9015.75,9098.5,24620,1.02%
2018-04-19,9133,9144,9064.47,9065.5,18580,-0.36%
2018-04-20,9148,9159.78,9118,9143.5,11250,0.86%
2018-04-23,9110,9125,9086.48,9092,13170,-0.56%
2018-04-24,9117,9122,9088.98,9116,15840,0.26%
2018-04-25,9097,9098.81,9071.36,9071.5,31040,-0.49%
2018-04-26,9109,9117,9045,9065.5,12630,-0.07%
2018-04-27,9100,9202,9050,9184,15620,1.31%
2018-04-30,9169,9191.71,9134,9144.5,10850,-0.43%
2018-05-01,9135,9183.08,9129.04,9185,16470,0.44%
2018-05-02,9208.2,9217.05,9178,9198.5,13520,0.15%
2018-05-03,9216,9294,9206.56,9287.5,7370,0.97%
2018-05-04,9259,9303,9249,9286,16680,-0.02%
2018-05-08,9268,9308.3,9266.1,9270,12890,-0.17%
2018-05-09,9276,9282,9229,9269,11360,-0.01%
2018-05-10,9269,9377,9262.37,9360,18630,0.98%
2018-05-11,9351.67,9380,9337.04,9343,12510,-0.18%
2018-05-14,9330,9330,9292,9298,5100,-0.48%
2018-05-15,9269,9274.92,9178,9178.5,10890,-1.29%
2018-05-16,9176,9198,9146,9149.5,19820,-0.32%
2018-05-17,9127,9159.3,9123,9135,6410,-0.16%
2018-05-18,9138.62,9184,9134.28,9180,7690,0.49%
2018-05-21,9160,9200,9154,9200.5,7050,0.22%
2018-05-22,9193,9230,9193,9208,8560,0.08%
2018-05-23,9228,9318,9222,9275,18710,0.73%
2018-05-24,9286,9348,9257.46,9347,14070,0.78%
2018-05-25,9352.64,9381,9346.97,9379,6920,0.34%
2018-05-29,9350.51,9450,9332.04,9407,36100,0.30%
2018-05-30,9375,9390,9348,9387.5,10550,-0.21%
2018-05-31,9388,9401,9337,9385,20530,-0.03%
2018-06-01,9369.73,9369.73,9291,9306,27530,-0.84%
2018-06-04,9259,9307,9251,9307,20410,0.01%
2018-06-05,9290,9293,9241,9290,9850,-0.18%
2018-06-06,9263,9273,9233,9273.5,13220,-0.18%
2018-06-07,9240.35,9295,9232.73,9254.5,6890,-0.20%
2018-06-08,9239,9303,9239,9272.5,12640,0.19%
2018-06-11,9252.49,9314,9241.98,9312.5,8930,0.43%
2018-06-12,9307.97,9319.97,9267,9280.5,13230,-0.34%
2018-06-13,9284,9305.47,9281,9294.5,11520,0.15%
2018-06-14,9306,9388,9283,9366.5,17780,0.77%
2018-06-15,9399.03,9399.03,9218,9219,34910,-1.57%
2018-06-18,9246.97,9272,9243,9234,17580,0.16%
2018-06-19,9301.97,9307,9255,9261,15290,0.29%
2018-06-20,9268,9270.97,9248,9238.5,9780,-0.24%
2018-06-21,9208,9227,9142,9152,5920,-0.94%
2018-06-22,9143,9167,9128,9157,8840,0.05%
2018-06-25,9155.36,9185,9133,9138.5,11070,-0.20%
2018-06-26,9111,9115,9075,9115,9460,-0.26%
2018-06-27,9099,9144.06,9099,9132,14030,0.19%
2018-06-28,9153.15,9182,9135,9142.5,17170,0.11%
2018-06-29,9136,9138,9071,9077.5,11580,-0.71%
2018-07-02,9077.78,9123,9074,9079,24330,0.02%
2018-07-03,9046,9118,9029,9118.5,16400,0.44%
2018-07-04,9126.92,9133,9093,9100.5,10700,-0.20%
2018-07-05,9077.52,9100,9037,9113,12500,0.14%
2018-07-06,9089,9089,9046,9045.5,5130,-0.74%
2018-07-09,9064.42,9113,9035,9115,13050,0.77%
2018-07-10,9054,9060,9030,9049.5,13180,-0.72%
2018-07-11,9024,9038.94,9008,9015,10440,-0.38%
2018-07-12,9013,9028,9009.06,9031.5,6280,0.18%
2018-07-13,9051,9056,8996.53,8996.5,148860,-0.39%
2018-07-16,8987,8989,8950,8962,57030,-0.38%
2018-07-17,8978,9005,8925,8923.5,67560,-0.43%
2018-07-18,8949,8991,8937,8988,20060,0.72%
2018-07-19,8975.2,8975.2,8947.8,8966,16480,-0.24%
2018-07-20,8995,9008,8972,8969.5,41150,0.04%
2018-07-23,8959,8967,8937,8941,10150,-0.32%
2018-07-24,8926,8947,8926,8927.5,13450,-0.15%
2018-07-25,8918,8965.93,8915,8945,20300,0.20%
2018-07-26,8918,8947.02,8906,8934.5,11130,-0.12%
2018-07-27,8944,8944,8900.94,8933.5,9010,-0.01%
2018-07-30,8905,8926,8905,8912,13780,-0.24%
2018-07-31,8882,8923,8854,8927.5,15880,0.17%
2018-08-01,8903.94,8926.94,8874,8884.5,5470,-0.48%
2018-08-02,8906,8926,8872.06,8910,17070,0.29%
2018-08-03,8869,8970,8869,8959,10210,0.55%
2018-08-06,8932.96,8957.36,8932.96,8947,3920,-0.13%
2018-08-07,8946.99,8970,8946.99,8949.5,4810,0.03%
2018-08-08,8981.7,9010.94,8979,8983.5,17490,0.38%
2018-08-09,9020,9028,9009,9024.5,10620,0.46%
2018-08-10,9045,9126.11,9038,9087,15730,0.69%
2018-08-13,9063,9078,8963,8963.5,26350,-1.36%
2018-08-14,8937.05,8989.77,8925.54,8989.5,14140,0.29%
2018-08-15,8937.9,8948,8880,8880,18230,-1.22%
2018-08-16,8843,8898,8843,8870,15300,-0.11%
2018-08-17,8824.04,8867,8823.72,8866.5,14780,-0.04%
2018-08-20,8906,8929.77,8882,8894.5,14080,0.32%
2018-08-21,8901,8913,8833,8845,15980,-0.56%
2018-08-22,8849.84,8895.1,8849.84,8856.5,13760,0.13%
2018-08-23,8842,8872.94,8817,8869.5,23130,0.15%
2018-08-24,8867,8978,8859.94,8981,17810,1.26%
2018-08-28,8996.7,9000,8965,8979,10040,-0.02%
2018-08-29,8953.6,8957,8851,8851.5,15460,-1.42%
2018-08-30,8832,8859,8806,8830,19410,-0.24%
2018-08-31,8870,8882.57,8857,8854.5,9290,0.28%
2018-09-03,8890,8931,8880.9,8919.5,30820,0.73%
2018-09-04,8896,8927.97,8875,8893,7520,-0.30%
2018-09-05,8889,8919.06,8825.96,8886.5,28450,-0.07%
2018-09-06,8873.9,8923.06,8858,8870.5,10770,-0.18%
2018-09-07,8875.92,8880,8800,8848,20700,-0.25%
2018-09-10,8827,8837.1,8783,8788.5,14340,-0.67%
2018-09-11,8765,8791,8748.06,8785,7110,-0.04%
2018-09-12,8779.2,8823.03,8770.9,8828,5580,0.49%
2018-09-13,8834.83,8851,8663,8786,9790,-0.48%
2018-09-14,8794.06,8802.96,8750,8751.5,13260,-0.39%
2018-09-17,8744,8758,8726.08,8757,13980,0.06%
2018-09-18,8713,8753,8703,8721.5,31930,-0.41%
2018-09-19,8745.8,8772.06,8715,8754.5,24790,0.38%
2018-09-20,8740,8740,8682.07,8697,17020,-0.66%
2018-09-21,8745,8772.3,8696,8755,104380,0.67%
2018-09-24,8750,8762,8717.73,8744,14460,-0.13%
2018-09-25,8762,8762,8723,8739,9180,-0.06%
2018-09-26,8710,8726,8663,8670,3530,-0.79%
2018-09-27,8691.34,8723.1,8625.8,8631,10500,-0.45%
2018-09-28,8647.9,8736.94,8647.9,8742.5,12410,1.29%
2018-10-01,8715,8738,8681,8714,17780,-0.33%
2018-10-02,8770,8897,8770,8893,32240,2.05%
2018-10-03,8856,8869,8815,8815.5,18720,-0.87%
2018-10-04,8851,8862.16,8827.04,8828,18470,0.14%
2018-10-05,8785.92,8820,8774,8774,18510,-0.61%
2018-10-08,8748,8760,8674.9,8673.5,20190,-1.15%
2018-10-09,8701,8713,8671,8672.5,11650,-0.01%
2018-10-10,8638,8640.7,8599.65,8613,8480,-0.69%
2018-10-11,8652,8836,8652,8813,35340,2.32%
2018-10-12,8788,8861,8786.06,8866,56800,0.60%
2018-10-15,8929.2,8968,8906,8920.5,20380,0.61%
2018-10-16,8909.92,8917,8885.06,8893,10260,-0.31%
2018-10-17,8873,8953,8868,8935,11770,0.47%
2018-10-18,8919,8978.33,8908.08,8973.5,14520,0.43%
2018-10-19,8996.94,9020.92,8988.65,8998.5,15870,0.28%
2018-10-22,8962,9011.96,8956,8992.5,8380,-0.07%
2018-10-23,9075,9112,9070.81,9076.5,38860,0.93%
2018-10-24,9081,9117,9081,9107.5,21610,0.34%
2018-10-25,9147.92,9166,9119,9168,28080,0.66%
2018-10-26,9193.08,9265,9193.08,9245,31140,0.84%
2018-10-29,9173,9189,9145,9181.5,17110,-0.69%
2018-10-30,9164.92,9197.02,9149,9189,20720,0.08%
2018-10-31,9132,9138,9079.75,9108,5460,-0.88%
2018-11-01,9090,9106,9070,9081,15420,-0.30%
2018-11-02,9061.92,9087.58,9054.17,9080,22060,-0.01%
2018-11-05,9066,9074,9022.08,9035,25840,-0.50%
2018-11-06,9011,9065.46,8968.92,8967,38980,-0.75%
2018-11-07,8961.96,8972,8924,8925,9100,-0.47%
2018-11-08,8911.96,8942,8899.07,8928,9700,0.03%
2018-11-09,8959,8974,8872.17,8904,11280,-0.27%
2018-11-12,8956,8983.33,8913,8954,6880,0.56%
2018-11-13,8921,8921,8828,8828,13530,-1.41%
2018-11-14,8843.08,8891,8834,8823.5,11190,-0.05%
2018-11-15,8940.32,9095.38,8940.32,9085,34000,2.96%
2018-11-16,9073,9105,9063,9091,26050,0.07%
2018-11-19,9066.28,9106,9061.88,9097,20570,0.07%
2018-11-20,9099.81,9140,9088,9124.5,11550,0.30%
2018-11-21,9133,9179.94,9130,9174.5,7640,0.55%
2018-11-22,9178,9180,9082.1,9115.5,12840,-0.64%
2018-11-23,9102,9127.92,9091.1,9132,10090,0.18%
2018-11-26,9147.39,9147.39,9107,9119.5,21850,-0.14%
2018-11-27,9153.42,9175.78,9094.08,9102,13930,-0.19%
2018-11-28,9096.42,9099.67,9058,9095,10640,-0.08%
2018-11-29,9132,9188.13,9130,9157.5,18420,0.69%
2018-11-30,9157,9163.72,9130,9133,13880,-0.27%
2018-12-03,9195.1,9276.21,9183.32,9256,13300,1.35%
2018-12-04,9287.63,9304.3,9235.06,9297.5,10500,0.45%
2018-12-05,9281,9298.59,9245.72,9275,6970,-0.24%
2018-12-06,9279,9302,9260,9288,15630,0.14%
2018-12-07,9284.32,9347,9280.5,9337,17350,0.53%
2018-12-10,9368,9519,9355,9498,30990,1.72%
2018-12-11,9478,9482,9438,9483,17630,-0.16%
2018-12-12,9499,9517,9403.37,9407,26370,-0.80%
2018-12-13,9406.78,9412,9371.14,9399,7100,-0.09%
2018-12-14,9383,9421.59,9383,9426,5900,0.29%
2018-12-17,9402.58,9424,9383.2,9425,10890,-0.01%
2018-12-18,9427.96,9442.59,9394,9439,14180,0.15%
2018-12-19,9424,9486.92,9424,9484,14650,0.48%
2018-12-20,9431,9529,9420.34,9511,25030,0.28%
2018-12-21,9505.11,9527,9479,9499,61360,-0.13%
2018-12-24,9500,9556.2,9500,9530,16670,0.33%
2018-12-27,9498,9675.52,9498,9620.5,23560,0.95%
2018-12-28,9675.38,9678.93,9610.42,9621,14690,0.01%
2018-12-31,9610.74,9626,9596,9592,4640,-0.30%
2019-01-02,9563.72,9752.7,9563.72,9782,19500,1.98%
2019-01-03,9817,9828.44,9760,9760,24300,-0.22%
2019-01-04,9776,9776.62,9634.08,9645.5,26250,-1.17%
2019-01-07,9677.97,9690.92,9635.5,9644,23020,-0.02%
2019-01-08,9602,9645,9587,9638,9530,-0.06%
2019-01-09,9622,9672,9596,9664.5,15920,0.27%
2019-01-10,9701.7,9705.01,9484,9639.5,10430,-0.26%
2019-01-11,9689,9709,9608,9605.5,32600,-0.35%
2019-01-14,9620,9640,9553.12,9563.5,26960,-0.44%
2019-01-15,9564,9651.88,9551.23,9647,36740,0.87%
2019-01-16,9582,9612,9554.77,9610.5,18320,-0.38%
2019-01-17,9599,9607,9531,9541.5,10550,-0.72%
2019-01-18,9509,9554,9469,9499,21140,-0.45%
2019-01-21,9518,9522,9473.31,9479,11770,-0.21%
2019-01-22,9493.86,9532,9439.94,9446,19370,-0.35%
2019-01-23,9471,9471,9358,9389,48740,-0.60%
2019-01-24,9376,9396.18,9357,9399,11670,0.11%
2019-01-25,9368,9431,9361,9426,14610,0.29%
2019-01-28,9473,9473,9421,9452.5,20410,0.28%
2019-01-29,9507,9529,9476.06,9515,17620,0.66%
2019-01-30,9601,9609,9562,9584,11830,0.73%
2019-01-31,9603,9651.92,9600,9608,22270,0.25%
2019-02-01,9607,9667.23,9602.1,9613,13850,0.05%
2019-02-04,9582,9609,9571,9609,9780,-0.04%
2019-02-05,9609,9712,9604,9701.5,17320,0.96%
2019-02-06,9708.94,9708.94,9665,9675.5,21050,-0.27%
2019-02-07,9645,9692.92,9620.41,9641,7800,-0.36%
2019-02-08,9657,9705,9656,9698.5,21410,0.60%
2019-02-11,9700,9721,9657,9721,11900,0.23%
2019-02-12,9729,9763,9704,9703.5,8860,-0.18%
2019-02-13,9706.04,9759,9670,9747,34490,0.45%
2019-02-14,9719,9790,9715,9797,17320,0.51%
2019-02-15,9803,9838.94,9768.06,9779,11970,-0.18%
2019-02-18,9783,9812,9778,9797,14860,0.18%
2019-02-19,9804,9832,9801,9796.5,13180,-0.01%
2019-02-20,9840,9860,9813.06,9823.5,12260,0.28%
2019-02-21,9803.06,9805,9731,9740,24180,-0.85%
2019-02-22,9718,9768,9698,9727.5,15430,-0.13%
2019-02-25,9711,9728,9687,9700.5,10920,-0.28%
2019-02-26,9617,9626,9551,9551,18510,-1.54%
2019-02-27,9556,9556,9467,9468,17170,-0.87%
2019-02-28,9511,9522,9442,9452,15910,-0.17%
2019-03-01,9428,9450,9399,9409,22790,-0.45%
2019-03-04,9315,9324,9278.16,9323,10170,-0.91%
2019-03-05,9311,9375,9297,9333,13030,0.11%
2019-03-06,9369.02,9369.02,9312.85,9343,13230,0.11%
2019-03-07,9314,9375,9295,9373,8460,0.32%
2019-03-08,9431,9520.69,9425,9514,11280,1.50%
2019-03-11,9511,9547,9415,9417,11240,-1.02%
2019-03-12,9342,9507,9342,9469,18230,0.55%
2019-03-13,9475,9509.46,9441,9449,48440,-0.21%
2019-03-14,9367,9383,9310,9316.5,17050,-1.40%
2019-03-15,9408.12,9408.12,9352,9351.5,12850,0.38%
2019-03-18,9354,9438,9354,9411.5,9290,0.64%
2019-03-19,9384,9433.88,9384,9405.5,17510,-0.06%
2019-03-20,9397,9487,9396,9406,12880,0.01%
2019-03-21,9553,9579,9514,9564.5,45650,1.69%
2019-03-22,9529.12,9563,9480,9490,16230,-0.78%
2019-03-25,9537,9567,9514,9572.5,13510,0.87%
2019-03-26,9531,9535,9464,9496.5,12030,-0.79%
2019-03-27,9510.12,9531.14,9460,9466,7500,-0.32%
2019-03-28,9498,9513,9415,9428,13340,-0.40%
2019-03-29,9438,9514,9412,9493.5,21520,0.69%
2019-04-01,9415,9440.27,9385.99,9399,21860,-1.00%
2019-04-02,9413,9460,9398,9456,18230,0.61%
2019-04-03,9353,9386,9344,9362,8110,-0.99%
2019-04-04,9356,9408,9327,9408.5,7940,0.50%
2019-04-05,9397,9481,9396,9475.5,6830,0.71%
2019-04-08,9483.3,9531.07,9476,9499.5,7320,0.25%
2019-04-09,9482,9541,9474,9542.5,10290,0.45%
2019-04-10,9521,9546,9498,9545,10380,0.03%
2019-04-11,9530,9530,9448,9451.5,26030,-0.98%
2019-04-12,9437,9464,9390,9410,8640,-0.44%
2019-04-15,9376,9387.4,9334,9383,11470,-0.29%
2019-04-16,9376,9385.6,9310,9319,23570,-0.68%
2019-04-17,9346,9356,9314,9322,7320,0.03%
2019-04-18,9299.4,9370.5,9299.4,9353,11490,0.33%
2019-04-23,9377.53,9377.53,9307,9361,8600,0.09%
2019-04-24,9382,9403,9368,9401,7650,0.43%
2019-04-25,9432,9480,9432,9456,6380,0.59%
2019-04-26,9473,9506,9453,9500,17020,0.47%
2019-04-29,9464,9480,9441,9447.5,23020,-0.55%
2019-04-30,9456,9461,9381,9403,12200,-0.47%
2019-05-01,9351,9372.44,9345,9352,22180,-0.54%
2019-05-02,9298,9315,9274,9295,17870,-0.61%
2019-05-03,9304.07,9359,9284.7,9298.5,20430,0.04%
2019-05-07,9316,9393,9316,9385,15950,0.93%
2019-05-08,9406,9461,9400,9397,15590,0.13%
2019-05-09,9409,9451,9408,9424,32480,0.29%
2019-05-10,9411,9437,9409,9428.5,13930,0.05%
2019-05-13,9404,9567,9399.95,9555,80160,1.34%
2019-05-14,9564,9594,9552,9571.5,30230,0.17%
2019-05-15,9564,9663,9562.09,9604,28380,0.34%
2019-05-16,9632,9656,9592,9589.5,27240,-0.15%
2019-05-17,9606,9631,9555,9557.5,18910,-0.33%
2019-05-20,9565,9580,9539,9573.5,18720,0.17%
2019-05-21,9571,9594.7,9494,9523,69470,-0.53%
2019-05-22,9587,9617,9587,9618.5,9750,1.00%
2019-05-23,9636,9685,9632,9684.5,17090,0.69%
2019-05-24,9650,9668.91,9608,9657.5,9200,-0.28%
2019-05-28,9645,9680,9603,9627.5,8230,-0.31%
2019-05-29,9681.58,9696.91,9648,9682.5,11710,0.57%
2019-05-30,9644,9753,9634,9743.5,9480,0.63%
2019-05-31,9793,9855,9783,9830.5,26970,0.89%
2019-06-03,9885,9965,9885,9966.5,27790,1.38%
2019-06-04,9979.8,10015,9938.09,9937.5,21190,-0.29%
2019-06-05,10022,10060,9956,9976.5,74270,0.39%
2019-06-06,10029,10056,10005,10028.5,36030,0.52%
2019-06-07,9993,10078,9993,10054,83770,0.25%
2019-06-10,9958,10005,9941,9990,18210,-0.64%
2019-06-11,9972.2,9979,9911,9942.5,29530,-0.48%
2019-06-12,10006.85,10019,9972.43,10001.5,9590,0.59%
2019-06-13,10066,10074.59,10023.37,10068.5,17080,0.67%
2019-06-14,10199,10221.88,10173,10211,48270,1.42%
2019-06-17,10144,10175.12,10104,10173,24500,-0.37%
2019-06-18,10242,10319,10207,10248.5,44960,0.74%
2019-06-19,10228,10228,10142,10150.5,28290,-0.96%
2019-06-20,10388,10418,10337,10402,41560,2.48%
2019-06-21,10463,10537,10386,10485,57370,0.80%
2019-06-24,10498,10614,10492.54,10617.5,34300,1.26%
2019-06-25,10666,10767,10666,10704,53350,0.81%
2019-06-26,10580,10622,10541,10612,45410,-0.86%
2019-06-27,10540,10595,10504,10576.5,27310,-0.33%
2019-06-28,10622.17,10652,10560,10586,33330,0.09%
2019-07-01,10414.28,10522,10391,10490.5,44130,-0.90%
2019-07-02,10496,10603,10487,10603,39360,1.07%
2019-07-03,10817,10824,10705,10768,46070,1.56%
2019-07-04,10729,10745,10697,10726,15550,-0.39%
2019-07-05,10718.4,10758,10592,10648.5,48820,-0.72%
2019-07-08,10700,10725,10634,10652.5,15910,0.04%
2019-07-09,10639,10702,10608,10696,26450,0.41%
2019-07-10,10649.14,10750,10640,10743.5,33770,0.44%
2019-07-11,10814,10829.25,10718,10720.5,27140,-0.21%
2019-07-12,10702.11,10730,10679.37,10694.5,26370,-0.24%
2019-07-15,10726.2,10763,10709.08,10760.5,24990,0.62%
2019-07-16,10785,10857.15,10782.79,10832,25830,0.66%
2019-07-17,10815.08,10910,10767.92,10910,43530,0.72%
2019-07-18,10884.51,10891.37,10811,10884,37360,-0.24%
2019-07-19,10950,10970.41,10868,10895.5,50770,0.11%
2019-07-22,10875.04,10914,10869.06,10892,40620,-0.03%
2019-07-23,10851,10954,10847,10890.5,36220,-0.01%
2019-07-24,10892.53,10922,10855,10862.5,17750,-0.26%
2019-07-25,10878,10945,10799,10835.5,42110,-0.25%
2019-07-26,10874,10935.72,10850,10914,21770,0.72%
2019-07-29,10954.85,11083,10943,11064.5,26480,1.38%
2019-07-30,11196,11218,11156.8,11204.5,31880,1.27%
2019-07-31,11229.92,11233,11110,11135,34350,-0.62%
2019-08-01,11047,11126,11038,11126,36680,-0.08%
2019-08-02,11286.64,11379,11242,11359,85920,2.09%
2019-08-05,11476,11515,11423,11461,101580,0.90%
2019-08-06,11473.48,11550,11419,11551,61810,0.79%
2019-08-07,11656,11827.25,11640,11801,101080,2.16%
2019-08-08,11723,11782,11719.66,11754,62090,-0.40%
2019-08-09,11807.78,11875.21,11794.83,11863,56270,0.93%
2019-08-12,11795,11892,11761.93,11889,69910,0.22%
2019-08-13,12036,12107.9,11623,11875,95490,-0.12%
2019-08-14,11849,12002.82,11833,11975,77240,0.84%
2019-08-15,11946,11992,11854,11937,67850,-0.32%
2019-08-16,11918.17,11919.7,11823,11842,32600,-0.80%
2019-08-19,11818,11846.93,11748,11783,48130,-0.50%
2019-08-20,11791,11891,11785.72,11783,42180,0.00%
2019-08-21,11781,11834,11747.76,11800.5,19860,0.15%
2019-08-22,11810,11810.9,11657,11680.5,28600,-1.02%
2019-08-23,11677,11865,11662,11853,66240,1.48%
2019-08-27,11955,11964,11855,11961,25510,0.91%
2019-08-28,11947.67,12071,11947.67,11972,34980,0.09%
2019-08-29,12115.74,12115.74,11983,12010.5,44770,0.32%
2019-08-30,11974.41,11977,11912,11967,29160,-0.36%
2019-09-02,11934,12076.33,11894,12052,26330,0.71%
2019-09-03,12129,12215,12091,12185,54940,1.10%
2019-09-04,12077,12128.3,11981.31,12089.5,30010,-0.78%
2019-09-05,12066,12086,11675.6,11746,144220,-2.84%
2019-09-06,11663,11804.78,11629.46,11775.5,68510,0.25%
2019-09-09,11717,11735,11567.78,11568,36860,-1.76%
2019-09-10,11491.35,11576.87,11483.26,11547,29050,-0.18%
2019-09-11,11516.93,11558,11476,11546,24460,-0.01%
2019-09-12,11590,11794,11586.6,11633,65970,0.75%
2019-09-13,11558,11567,11421.47,11426,59600,-1.78%
2019-09-16,11508,11538,11460,11522.5,36360,0.84%
2019-09-17,11463,11543,11456.8,11474.5,32280,-0.42%
