date,open,high,low,close,volume,Comment
2020-09-18,220.7072,220.7072,220.7072,220.7072,0,Vanguard
2020-09-17,221.4663,221.4663,221.4663,221.4663,0,Vanguard
2020-09-16,219.8800,219.8800,219.8800,219.8800,0,Vanguard
2020-09-15,220.2045,220.2045,220.2045,220.2045,0,Vanguard
2020-09-14,222.0103,222.0103,222.0103,222.0103,0,Vanguard
2020-09-11,222.5921,222.5921,222.5921,222.5921,0,Vanguard
2020-09-10,220.8826,220.8826,220.8826,220.8826,0,Vanguard
2020-09-09,221.9337,221.9337,221.9337,221.9337,0,Vanguard
2020-09-08,222.8687,222.8687,222.8687,222.8687,0,Vanguard
2020-09-07,216.5637,216.5637,216.5637,216.5637,0,Vanguard
2020-09-04,215.1025,215.1025,215.1025,215.1025,0,Vanguard
2020-09-03,216.3323,216.3323,216.3323,216.3323,0,Vanguard
2020-09-02,215.7834,215.7834,215.7834,215.7834,0,Vanguard
2020-09-01,216.5039,216.5039,216.5039,216.5039,0,Vanguard
2020-08-28,216.1798,216.1798,216.1798,216.1798,0,Vanguard
2020-08-27,213.4532,213.4532,213.4532,213.4532,0,Vanguard
2020-08-26,214.8728,214.8728,214.8728,214.8728,0,Vanguard
2020-08-25,215.8811,215.8811,215.8811,215.8811,0,Vanguard
2020-08-24,218.5069,218.5069,218.5069,218.5069,0,Vanguard
2020-08-21,216.5563,216.5563,216.5563,216.5563,0,Vanguard
2020-08-20,214.1272,214.1272,214.1272,214.1272,0,Vanguard
2020-08-19,214.7936,214.7936,214.7936,214.7936,0,Vanguard
2020-08-18,216.4716,216.4716,216.4716,216.4716,0,Vanguard
2020-08-17,216.7642,216.7642,216.7642,216.7642,0,Vanguard
2020-08-14,215.0356,215.0356,215.0356,215.0356,0,Vanguard
2020-08-13,218.2144,218.2144,218.2144,218.2144,0,Vanguard
2020-08-12,219.4971,219.4971,219.4971,219.4971,0,Vanguard
2020-08-11,221.6818,221.6818,221.6818,221.6818,0,Vanguard
2020-08-10,223.9974,223.9974,223.9974,223.9974,0,Vanguard
2020-08-07,222.6231,222.6231,222.6231,222.6231,0,Vanguard
2020-08-06,223.7230,223.7230,223.7230,223.7230,0,Vanguard
2020-08-05,223.1832,223.1832,223.1832,223.1832,0,Vanguard
2020-08-04,226.1351,226.1351,226.1351,226.1351,0,Vanguard
2020-08-03,225.9682,225.9682,225.9682,225.9682,0,Vanguard
2020-07-31,226.4301,226.4301,226.4301,226.4301,0,Vanguard
2020-07-30,227.3273,227.3273,227.3273,227.3273,0,Vanguard
2020-07-29,225.6537,225.6537,225.6537,225.6537,0,Vanguard
2020-07-28,225.8857,225.8857,225.8857,225.8857,0,Vanguard
2020-07-27,225.8672,225.8672,225.8672,225.8672,0,Vanguard
2020-07-24,224.4102,224.4102,224.4102,224.4102,0,Vanguard
2020-07-23,223.9403,223.9403,223.9403,223.9403,0,Vanguard
2020-07-22,223.2325,223.2325,223.2325,223.2325,0,Vanguard
2020-07-21,221.7794,221.7794,221.7794,221.7794,0,Vanguard
2020-07-20,220.6843,220.6843,220.6843,220.6843,0,Vanguard
2020-07-17,219.7180,219.7180,219.7180,219.7180,0,Vanguard
2020-07-16,222.5742,222.5742,222.5742,222.5742,0,Vanguard
2020-07-15,223.5433,223.5433,223.5433,223.5433,0,Vanguard
2020-07-14,225.1103,225.1103,225.1103,225.1103,0,Vanguard
2020-07-13,222.6132,222.6132,222.6132,222.6132,0,Vanguard
2020-07-10,221.2354,221.2354,221.2354,221.2354,0,Vanguard
2020-07-09,222.4054,222.4054,222.4054,222.4054,0,Vanguard
2020-07-08,224.3100,224.3100,224.3100,224.3100,0,Vanguard
2020-07-07,225.5910,225.5910,225.5910,225.5910,0,Vanguard
2020-07-06,227.0893,227.0893,227.0893,227.0893,0,Vanguard
2020-07-03,226.1200,226.1200,226.1200,226.1200,0,Vanguard
2020-07-02,226.5003,226.5003,226.5003,226.5003,0,Vanguard
2020-07-01,225.0744,225.0744,225.0744,225.0744,0,Vanguard
2020-06-30,224.8268,224.8268,224.8268,224.8268,0,Vanguard
2020-06-29,225.4767,225.4767,225.4767,225.4767,0,Vanguard
2020-06-26,223.3619,223.3619,223.3619,223.3619,0,Vanguard
2020-06-25,224.7193,224.7193,224.7193,224.7193,0,Vanguard
2020-06-24,224.4680,224.4680,224.4680,224.4680,0,Vanguard
2020-06-23,223.7757,223.7757,223.7757,223.7757,0,Vanguard
2020-06-22,224.1076,224.1076,224.1076,224.1076,0,Vanguard
2020-06-19,221.3845,221.3845,221.3845,221.3845,0,Vanguard
2020-06-18,222.0938,222.0938,222.0938,222.0938,0,Vanguard
2020-06-17,226.3696,226.3696,226.3696,226.3696,0,Vanguard
2020-06-16,224.1664,224.1664,224.1664,224.1664,0,Vanguard
2020-06-15,222.4301,222.4301,222.4301,222.4301,0,Vanguard
2020-06-12,221.7855,221.7855,221.7855,221.7855,0,Vanguard
2020-06-11,223.2721,223.2721,223.2721,223.2721,0,Vanguard
2020-06-10,221.5884,221.5884,221.5884,221.5884,0,Vanguard
2020-06-09,220.2970,220.2970,220.2970,220.2970,0,Vanguard
2020-06-08,217.3223,217.3223,217.3223,217.3223,0,Vanguard
2020-06-05,217.4152,217.4152,217.4152,217.4152,0,Vanguard
2020-06-04,219.5250,219.5250,219.5250,219.5250,0,Vanguard
2020-06-03,221.3667,221.3667,221.3667,221.3667,0,Vanguard
2020-06-02,222.9791,222.9791,222.9791,222.9791,0,Vanguard
2020-06-01,223.2843,223.2843,223.2843,223.2843,0,Vanguard
2020-05-29,223.9865,223.9865,223.9865,223.9865,0,Vanguard
2020-05-28,222.0186,222.0186,222.0186,222.0186,0,Vanguard
2020-05-27,221.7477,221.7477,221.7477,221.7477,0,Vanguard
2020-05-26,219.0017,219.0017,219.0017,219.0017,0,Vanguard
2020-05-22,220.2055,220.2055,220.2055,220.2055,0,Vanguard
2020-05-21,220.9756,220.9756,220.9756,220.9756,0,Vanguard
2020-05-20,218.8592,218.8592,218.8592,218.8592,0,Vanguard
2020-05-19,219.5414,219.5414,219.5414,219.5414,0,Vanguard
2020-05-18,217.8834,217.8834,217.8834,217.8834,0,Vanguard
2020-05-15,217.7057,217.7057,217.7057,217.7057,0,Vanguard
2020-05-14,217.1392,217.1392,217.1392,217.1392,0,Vanguard
2020-05-13,215.6549,215.6549,215.6549,215.6549,0,Vanguard
2020-05-12,215.0797,215.0797,215.0797,215.0797,0,Vanguard
2020-05-11,217.2657,217.2657,217.2657,217.2657,0,Vanguard
2020-05-07,218.6777,218.6777,218.6777,218.6777,0,Vanguard
2020-05-06,216.7839,216.7839,216.7839,216.7839,0,Vanguard
2020-05-05,215.1775,215.1775,215.1775,215.1775,0,Vanguard
2020-05-04,213.8314,213.8314,213.8314,213.8314,0,Vanguard
2020-05-01,212.4786,212.4786,212.4786,212.4786,0,Vanguard
2020-04-30,213.6618,213.6618,213.6618,213.6618,0,Vanguard
2020-04-29,212.1101,212.1101,212.1101,212.1101,0,Vanguard
2020-04-28,211.9521,211.9521,211.9521,211.9521,0,Vanguard
2020-04-27,210.5941,210.5941,210.5941,210.5941,0,Vanguard
2020-04-24,211.8798,211.8798,211.8798,211.8798,0,Vanguard
2020-04-23,211.6662,211.6662,211.6662,211.6662,0,Vanguard
2020-04-22,210.6871,210.6871,210.6871,210.6871,0,Vanguard
2020-04-21,210.1373,210.1373,210.1373,210.1373,0,Vanguard
2020-04-20,210.2935,210.2935,210.2935,210.2935,0,Vanguard
2020-04-17,211.0943,211.0943,211.0943,211.0943,0,Vanguard
2020-04-16,212.4610,212.4610,212.4610,212.4610,0,Vanguard
2020-04-15,213.7882,213.7882,213.7882,213.7882,0,Vanguard
2020-04-14,212.0875,212.0875,212.0875,212.0875,0,Vanguard
2020-04-09,212.0480,212.0480,212.0480,212.0480,0,Vanguard
2020-04-08,209.8044,209.8044,209.8044,209.8044,0,Vanguard
2020-04-07,208.7921,208.7921,208.7921,208.7921,0,Vanguard
2020-04-06,209.7528,209.7528,209.7528,209.7528,0,Vanguard
2020-04-03,208.9458,208.9458,208.9458,208.9458,0,Vanguard
2020-04-02,207.6212,207.6212,207.6212,207.6212,0,Vanguard
2020-04-01,206.3077,206.3077,206.3077,206.3077,0,Vanguard
2020-03-31,202.8941,202.8941,202.8941,202.8941,0,Vanguard
2020-03-30,210.9529,210.9529,210.9529,210.9529,0,Vanguard
2020-03-27,211.7337,211.7337,211.7337,211.7337,0,Vanguard
2020-03-26,209.0142,209.0142,209.0142,209.0142,0,Vanguard
2020-03-25,204.1675,204.1675,204.1675,204.1675,0,Vanguard
2020-03-24,205.9414,205.9414,205.9414,205.9414,0,Vanguard
2020-03-23,206.1953,206.1953,206.1953,206.1953,0,Vanguard
2020-03-20,194.7978,194.7978,194.7978,194.7978,0,Vanguard
2020-03-19,179.8305,179.8305,179.8305,179.8305,0,Vanguard
2020-03-18,183.3025,183.3025,183.3025,183.3025,0,Vanguard
2020-03-17,195.3767,195.3767,195.3767,195.3767,0,Vanguard
2020-03-16,200.4341,200.4341,200.4341,200.4341,0,Vanguard
2020-03-13,205.7577,205.7577,205.7577,205.7577,0,Vanguard
2020-03-12,212.5370,212.5370,212.5370,212.5370,0,Vanguard
2020-03-11,212.0917,212.0917,212.0917,212.0917,0,Vanguard
2020-03-10,215.5108,215.5108,215.5108,215.5108,0,Vanguard
2020-03-09,217.4031,217.4031,217.4031,217.4031,0,Vanguard
2020-03-06,217.6225,217.6225,217.6225,217.6225,0,Vanguard
2020-03-05,213.5999,213.5999,213.5999,213.5999,0,Vanguard
2020-03-04,212.0326,212.0326,212.0326,212.0326,0,Vanguard
2020-03-03,211.2880,211.2880,211.2880,211.2880,0,Vanguard
2020-03-02,211.9104,211.9104,211.9104,211.9104,0,Vanguard
2020-02-28,212.6331,212.6331,212.6331,212.6331,0,Vanguard
2020-02-27,215.3774,215.3774,215.3774,215.3774,0,Vanguard
2020-02-26,215.5499,215.5499,215.5499,215.5499,0,Vanguard
2020-02-25,215.6053,215.6053,215.6053,215.6053,0,Vanguard
2020-02-24,213.5200,213.5200,213.5200,213.5200,0,Vanguard
2020-02-21,213.0020,213.0020,213.0020,213.0020,0,Vanguard
2020-02-20,210.7451,210.7451,210.7451,210.7451,0,Vanguard
2020-02-19,209.0560,209.0560,209.0560,209.0560,0,Vanguard
2020-02-18,209.0436,209.0436,209.0436,209.0436,0,Vanguard
2020-02-17,208.5161,208.5161,208.5161,208.5161,0,Vanguard
2020-02-14,208.7635,208.7635,208.7635,208.7635,0,Vanguard
2020-02-13,210.2246,210.2246,210.2246,210.2246,0,Vanguard
2020-02-12,208.2395,208.2395,208.2395,208.2395,0,Vanguard
2020-02-11,208.8730,208.8730,208.8730,208.8730,0,Vanguard
2020-02-10,209.4227,209.4227,209.4227,209.4227,0,Vanguard
2020-02-07,209.4036,209.4036,209.4036,209.4036,0,Vanguard
2020-02-06,208.4585,208.4585,208.4585,208.4585,0,Vanguard
2020-02-05,207.5676,207.5676,207.5676,207.5676,0,Vanguard
2020-02-04,207.9954,207.9954,207.9954,207.9954,0,Vanguard
2020-02-03,208.9372,208.9372,208.9372,208.9372,0,Vanguard
2020-01-31,208.2816,208.2816,208.2816,208.2816,0,Vanguard
2020-01-30,209.0767,209.0767,209.0767,209.0767,0,Vanguard
2020-01-29,210.3975,210.3975,210.3975,210.3975,0,Vanguard
2020-01-28,209.6304,209.6304,209.6304,209.6304,0,Vanguard
2020-01-27,212.3681,212.3681,212.3681,212.3681,0,Vanguard
2020-01-24,210.3106,210.3106,210.3106,210.3106,0,Vanguard
2020-01-23,210.2388,210.2388,210.2388,210.2388,0,Vanguard
2020-01-22,207.6457,207.6457,207.6457,207.6457,0,Vanguard
2020-01-21,207.1836,207.1836,207.1836,207.1836,0,Vanguard
2020-01-20,206.0449,206.0449,206.0449,206.0449,0,Vanguard
2020-01-17,207.4714,207.4714,207.4714,207.4714,0,Vanguard
2020-01-16,207.4364,207.4364,207.4364,207.4364,0,Vanguard
2020-01-15,207.7334,207.7334,207.7334,207.7334,0,Vanguard
2020-01-14,205.7058,205.7058,205.7058,205.7058,0,Vanguard
2020-01-13,203.1453,203.1453,203.1453,203.1453,0,Vanguard
2020-01-10,202.0913,202.0913,202.0913,202.0913,0,Vanguard
2020-01-09,200.5921,200.5921,200.5921,200.5921,0,Vanguard
2020-01-08,202.4287,202.4287,202.4287,202.4287,0,Vanguard
2020-01-07,203.2496,203.2496,203.2496,203.2496,0,Vanguard
2020-01-06,204.6063,204.6063,204.6063,204.6063,0,Vanguard
2020-01-03,205.2582,205.2582,205.2582,205.2582,0,Vanguard
2020-01-02,203.2982,203.2982,203.2982,203.2982,0,Vanguard
2019-12-31,199.8011,199.8011,199.8011,199.8011,0,Vanguard
2019-12-30,198.6929,198.6929,198.6929,198.6929,0,Vanguard
2019-12-27,201.6830,201.6830,201.6830,201.6830,0,Vanguard
2019-12-24,202.2531,202.2531,202.2531,202.2531,0,Vanguard
2019-12-23,201.4947,201.4947,201.4947,201.4947,0,Vanguard
2019-12-20,200.6078,200.6078,200.6078,200.6078,0,Vanguard
2019-12-19,200.6864,200.6864,200.6864,200.6864,0,Vanguard
2019-12-18,203.1919,203.1919,203.1919,203.1919,0,Vanguard
2019-12-17,200.8914,200.8914,200.8914,200.8914,0,Vanguard
2019-12-16,197.1366,197.1366,197.1366,197.1366,0,Vanguard
2019-12-13,199.7893,199.7893,199.7893,199.7893,0,Vanguard
2019-12-12,201.0440,201.0440,201.0440,201.0440,0,Vanguard
2019-12-11,202.7599,202.7599,202.7599,202.7599,0,Vanguard
2019-12-10,201.4869,201.4869,201.4869,201.4869,0,Vanguard
2019-12-09,201.7121,201.7121,201.7121,201.7121,0,Vanguard
2019-12-06,200.6654,200.6654,200.6654,200.6654,0,Vanguard
2019-12-05,199.2930,199.2930,199.2930,199.2930,0,Vanguard
2019-12-04,200.3284,200.3284,200.3284,200.3284,0,Vanguard
2019-12-03,203.7093,203.7093,203.7093,203.7093,0,Vanguard
2019-12-02,203.6164,203.6164,203.6164,203.6164,0,Vanguard
2019-11-29,203.6523,203.6523,203.6523,203.6523,0,Vanguard
2019-11-28,200.4092,200.4092,200.4092,200.4092,0,Vanguard
2019-11-27,200.1887,200.1887,200.1887,200.1887,0,Vanguard
2019-11-26,201.8575,201.8575,201.8575,201.8575,0,Vanguard
2019-11-25,201.1611,201.1611,201.1611,201.1611,0,Vanguard
2019-11-22,201.1187,201.1187,201.1187,201.1187,0,Vanguard
2019-11-21,200.2029,200.2029,200.2029,200.2029,0,Vanguard
2019-11-20,200.6047,200.6047,200.6047,200.6047,0,Vanguard
2019-11-19,199.7787,199.7787,199.7787,199.7787,0,Vanguard
2019-11-18,200.6312,200.6312,200.6312,200.6312,0,Vanguard
2019-11-15,201.6683,201.6683,201.6683,201.6683,0,Vanguard
2019-11-14,203.1877,203.1877,203.1877,203.1877,0,Vanguard
2019-11-13,202.6816,202.6816,202.6816,202.6816,0,Vanguard
2019-11-12,201.6043,201.6043,201.6043,201.6043,0,Vanguard
2019-11-11,202.1015,202.1015,202.1015,202.1015,0,Vanguard
2019-11-08,201.6211,201.6211,201.6211,201.6211,0,Vanguard
2019-11-07,201.8350,201.8350,201.8350,201.8350,0,Vanguard
2019-11-06,203.0246,203.0246,203.0246,203.0246,0,Vanguard
2019-11-05,202.4283,202.4283,202.4283,202.4283,0,Vanguard
2019-11-04,204.7317,204.7317,204.7317,204.7317,0,Vanguard
2019-11-01,206.1037,206.1037,206.1037,206.1037,0,Vanguard
2019-10-31,207.5888,207.5888,207.5888,207.5888,0,Vanguard
2019-10-30,201.7927,201.7927,201.7927,201.7927,0,Vanguard
2019-10-29,199.4418,199.4418,199.4418,199.4418,0,Vanguard
2019-10-28,202.7889,202.7889,202.7889,202.7889,0,Vanguard
2019-10-25,206.8416,206.8416,206.8416,206.8416,0,Vanguard
2019-10-24,208.1082,208.1082,208.1082,208.1082,0,Vanguard
2019-10-23,206.9988,206.9988,206.9988,206.9988,0,Vanguard
2019-10-22,204.6976,204.6976,204.6976,204.6976,0,Vanguard
2019-10-21,203.6221,203.6221,203.6221,203.6221,0,Vanguard
2019-10-18,207.0757,207.0757,207.0757,207.0757,0,Vanguard
2019-10-17,207.2487,207.2487,207.2487,207.2487,0,Vanguard
2019-10-16,210.4346,210.4346,210.4346,210.4346,0,Vanguard
2019-10-15,209.8581,209.8581,209.8581,209.8581,0,Vanguard
2019-10-14,211.8067,211.8067,211.8067,211.8067,0,Vanguard
2019-10-11,208.5387,208.5387,208.5387,208.5387,0,Vanguard
2019-10-10,214.8684,214.8684,214.8684,214.8684,0,Vanguard
2019-10-09,218.3356,218.3356,218.3356,218.3356,0,Vanguard
2019-10-08,220.4385,220.4385,220.4385,220.4385,0,Vanguard
2019-10-07,220.3923,220.3923,220.3923,220.3923,0,Vanguard
2019-10-04,221.3506,221.3506,221.3506,221.3506,0,Vanguard
2019-10-03,220.3088,220.3088,220.3088,220.3088,0,Vanguard
2019-10-02,219.8954,219.8954,219.8954,219.8954,0,Vanguard
2019-10-01,220.1631,220.1631,220.1631,220.1631,0,Vanguard
2019-09-30,219.6046,219.6046,219.6046,219.6046,0,Vanguard
2019-09-27,220.5029,220.5029,220.5029,220.5029,0,Vanguard
2019-09-26,220.9219,220.9219,220.9219,220.9219,0,Vanguard
2019-09-25,220.3485,220.3485,220.3485,220.3485,0,Vanguard
2019-09-24,220.2066,220.2066,220.2066,220.2066,0,Vanguard
2019-09-23,219.8873,219.8873,219.8873,219.8873,0,Vanguard
2019-09-20,214.8424,214.8424,214.8424,214.8424,0,Vanguard
2019-09-19,215.0703,215.0703,215.0703,215.0703,0,Vanguard
2019-09-18,214.7595,214.7595,214.7595,214.7595,0,Vanguard
2019-09-17,212.9883,212.9883,212.9883,212.9883,0,Vanguard
2019-09-16,215.4563,215.4563,215.4563,215.4563,0,Vanguard
2019-09-13,209.9425,209.9425,209.9425,209.9425,0,Vanguard
2019-09-12,216.2496,216.2496,216.2496,216.2496,0,Vanguard
2019-09-11,216.6680,216.6680,216.6680,216.6680,0,Vanguard
2019-09-10,214.7431,214.7431,214.7431,214.7431,0,Vanguard
2019-09-09,212.8818,212.8818,212.8818,212.8818,0,Vanguard
2019-09-06,216.3721,216.3721,216.3721,216.3721,0,Vanguard
2019-09-05,211.2062,211.2062,211.2062,211.2062,0,Vanguard
2019-09-04,216.5091,216.5091,216.5091,216.5091,0,Vanguard
2019-09-03,226.6856,226.6856,226.6856,226.6856,0,Vanguard
2019-09-02,223.8031,223.8031,223.8031,223.8031,0,Vanguard
2019-08-30,220.3459,220.3459,220.3459,220.3459,0,Vanguard
2019-08-29,225.0507,225.0507,225.0507,225.0507,0,Vanguard
2019-08-28,224.1725,224.1725,224.1725,224.1725,0,Vanguard
2019-08-27,222.3151,222.3151,222.3151,222.3151,0,Vanguard
2019-08-23,219.9612,219.9612,219.9612,219.9612,0,Vanguard
2019-08-22,221.3844,221.3844,221.3844,221.3844,0,Vanguard
2019-08-21,223.3982,223.3982,223.3982,223.3982,0,Vanguard
2019-08-20,221.2918,221.2918,221.2918,221.2918,0,Vanguard
2019-08-19,219.6791,219.6791,219.6791,219.6791,0,Vanguard
2019-08-16,220.0617,220.0617,220.0617,220.0617,0,Vanguard
2019-08-15,221.5882,221.5882,221.5882,221.5882,0,Vanguard
2019-08-14,217.8604,217.8604,217.8604,217.8604,0,Vanguard
2019-08-13,214.2064,214.2064,214.2064,214.2064,0,Vanguard
2019-08-12,213.4012,213.4012,213.4012,213.4012,0,Vanguard
2019-08-09,212.3783,212.3783,212.3783,212.3783,0,Vanguard
2019-08-08,213.0423,213.0423,213.0423,213.0423,0,Vanguard
2019-08-07,215.3075,215.3075,215.3075,215.3075,0,Vanguard
2019-08-06,214.6458,214.6458,214.6458,214.6458,0,Vanguard
2019-08-05,215.2208,215.2208,215.2208,215.2208,0,Vanguard
2019-08-02,212.9418,212.9418,212.9418,212.9418,0,Vanguard
2019-08-01,212.5537,212.5537,212.5537,212.5537,0,Vanguard
2019-07-31,210.9665,210.9665,210.9665,210.9665,0,Vanguard
2019-07-30,207.7629,207.7629,207.7629,207.7629,0,Vanguard
2019-07-29,207.9509,207.9509,207.9509,207.9509,0,Vanguard
2019-07-26,207.0208,207.0208,207.0208,207.0208,0,Vanguard
2019-07-25,205.4282,205.4282,205.4282,205.4282,0,Vanguard
2019-07-24,208.0229,208.0229,208.0229,208.0229,0,Vanguard
2019-07-23,208.5230,208.5230,208.5230,208.5230,0,Vanguard
2019-07-22,207.8667,207.8667,207.8667,207.8667,0,Vanguard
2019-07-19,207.1808,207.1808,207.1808,207.1808,0,Vanguard
2019-07-18,206.6746,206.6746,206.6746,206.6746,0,Vanguard
2019-07-17,208.0241,208.0241,208.0241,208.0241,0,Vanguard
2019-07-16,205.4055,205.4055,205.4055,205.4055,0,Vanguard
2019-07-15,206.0867,206.0867,206.0867,206.0867,0,Vanguard
2019-07-12,204.3760,204.3760,204.3760,204.3760,0,Vanguard
2019-07-11,203.7754,203.7754,203.7754,203.7754,0,Vanguard
2019-07-10,206.5178,206.5178,206.5178,206.5178,0,Vanguard
2019-07-09,207.9134,207.9134,207.9134,207.9134,0,Vanguard
2019-07-08,207.8118,207.8118,207.8118,207.8118,0,Vanguard
2019-07-05,206.4767,206.4767,206.4767,206.4767,0,Vanguard
2019-07-04,208.1822,208.1822,208.1822,208.1822,0,Vanguard
2019-07-03,208.9981,208.9981,208.9981,208.9981,0,Vanguard
2019-07-02,207.9066,207.9066,207.9066,207.9066,0,Vanguard
2019-07-01,205.3943,205.3943,205.3943,205.3943,0,Vanguard
2019-06-28,203.1107,203.1107,203.1107,203.1107,0,Vanguard
2019-06-27,204.3163,204.3163,204.3163,204.3163,0,Vanguard
2019-06-26,205.3805,205.3805,205.3805,205.3805,0,Vanguard
2019-06-25,206.4847,206.4847,206.4847,206.4847,0,Vanguard
2019-06-24,206.5745,206.5745,206.5745,206.5745,0,Vanguard
2019-06-21,205.4071,205.4071,205.4071,205.4071,0,Vanguard
2019-06-20,207.2997,207.2997,207.2997,207.2997,0,Vanguard
2019-06-19,206.4765,206.4765,206.4765,206.4765,0,Vanguard
2019-06-18,207.0107,207.0107,207.0107,207.0107,0,Vanguard
2019-06-17,205.1264,205.1264,205.1264,205.1264,0,Vanguard
2019-06-14,205.6851,205.6851,205.6851,205.6851,0,Vanguard
2019-06-13,206.0313,206.0313,206.0313,206.0313,0,Vanguard
2019-06-12,204.6660,204.6660,204.6660,204.6660,0,Vanguard
2019-06-11,207.7023,207.7023,207.7023,207.7023,0,Vanguard
2019-06-10,209.1387,209.1387,209.1387,209.1387,0,Vanguard
2019-06-07,209.1843,209.1843,209.1843,209.1843,0,Vanguard
2019-06-06,208.3513,208.3513,208.3513,208.3513,0,Vanguard
2019-06-05,205.7002,205.7002,205.7002,205.7002,0,Vanguard
2019-06-04,204.3573,204.3573,204.3573,204.3573,0,Vanguard
2019-06-03,205.7046,205.7046,205.7046,205.7046,0,Vanguard
2019-05-31,204.9275,204.9275,204.9275,204.9275,0,Vanguard
2019-05-30,206.3386,206.3386,206.3386,206.3386,0,Vanguard
2019-05-29,205.4256,205.4256,205.4256,205.4256,0,Vanguard
2019-05-28,204.0072,204.0072,204.0072,204.0072,0,Vanguard
2019-05-24,203.0656,203.0656,203.0656,203.0656,0,Vanguard
2019-05-23,202.1975,202.1975,202.1975,202.1975,0,Vanguard
2019-05-22,200.8157,200.8157,200.8157,200.8157,0,Vanguard
2019-05-21,198.3877,198.3877,198.3877,198.3877,0,Vanguard
2019-05-20,199.7654,199.7654,199.7654,199.7654,0,Vanguard
2019-05-17,199.5827,199.5827,199.5827,199.5827,0,Vanguard
2019-05-16,198.5827,198.5827,198.5827,198.5827,0,Vanguard
2019-05-15,198.5973,198.5973,198.5973,198.5973,0,Vanguard
2019-05-14,198.1711,198.1711,198.1711,198.1711,0,Vanguard
2019-05-13,197.1402,197.1402,197.1402,197.1402,0,Vanguard
2019-05-10,197.2503,197.2503,197.2503,197.2503,0,Vanguard
2019-05-09,198.1587,198.1587,198.1587,198.1587,0,Vanguard
2019-05-08,198.9252,198.9252,198.9252,198.9252,0,Vanguard
2019-05-07,197.8712,197.8712,197.8712,197.8712,0,Vanguard
2019-05-03,195.1993,195.1993,195.1993,195.1993,0,Vanguard
2019-05-02,197.7583,197.7583,197.7583,197.7583,0,Vanguard
2019-05-01,198.4366,198.4366,198.4366,198.4366,0,Vanguard
2019-04-30,196.7609,196.7609,196.7609,196.7609,0,Vanguard
2019-04-29,196.1160,196.1160,196.1160,196.1160,0,Vanguard
2019-04-26,195.0141,195.0141,195.0141,195.0141,0,Vanguard
2019-04-25,195.0187,195.0187,195.0187,195.0187,0,Vanguard
2019-04-24,195.0011,195.0011,195.0011,195.0011,0,Vanguard
2019-04-23,193.5126,193.5126,193.5126,193.5126,0,Vanguard
2019-04-18,194.7448,194.7448,194.7448,194.7448,0,Vanguard
2019-04-17,194.0473,194.0473,194.0473,194.0473,0,Vanguard
2019-04-16,194.4317,194.4317,194.4317,194.4317,0,Vanguard
2019-04-15,195.4230,195.4230,195.4230,195.4230,0,Vanguard
2019-04-12,195.0292,195.0292,195.0292,195.0292,0,Vanguard
2019-04-11,196.4164,196.4164,196.4164,196.4164,0,Vanguard
2019-04-10,200.4178,200.4178,200.4178,200.4178,0,Vanguard
2019-04-09,200.3639,200.3639,200.3639,200.3639,0,Vanguard
2019-04-08,199.9275,199.9275,199.9275,199.9275,0,Vanguard
2019-04-05,199.0841,199.0841,199.0841,199.0841,0,Vanguard
2019-04-04,199.7435,199.7435,199.7435,199.7435,0,Vanguard
2019-04-03,199.1549,199.1549,199.1549,199.1549,0,Vanguard
2019-04-02,200.8728,200.8728,200.8728,200.8728,0,Vanguard
2019-04-01,198.6848,198.6848,198.6848,198.6848,0,Vanguard
2019-03-29,199.3399,199.3399,199.3399,199.3399,0,Vanguard
2019-03-28,200.2419,200.2419,200.2419,200.2419,0,Vanguard
2019-03-27,201.5798,201.5798,201.5798,201.5798,0,Vanguard
2019-03-26,202.9255,202.9255,202.9255,202.9255,0,Vanguard
2019-03-25,206.6531,206.6531,206.6531,206.6531,0,Vanguard
2019-03-22,207.3341,207.3341,207.3341,207.3341,0,Vanguard
2019-03-21,203.9433,203.9433,203.9433,203.9433,0,Vanguard
2019-03-20,198.5175,198.5175,198.5175,198.5175,0,Vanguard
2019-03-19,195.9244,195.9244,195.9244,195.9244,0,Vanguard
2019-03-18,195.5180,195.5180,195.5180,195.5180,0,Vanguard
2019-03-15,194.5678,194.5678,194.5678,194.5678,0,Vanguard
2019-03-14,196.0174,196.0174,196.0174,196.0174,0,Vanguard
2019-03-13,193.8208,193.8208,193.8208,193.8208,0,Vanguard
2019-03-12,195.2757,195.2757,195.2757,195.2757,0,Vanguard
2019-03-11,194.0465,194.0465,194.0465,194.0465,0,Vanguard
2019-03-08,193.5544,193.5544,193.5544,193.5544,0,Vanguard
2019-03-07,195.5180,195.5180,195.5180,195.5180,0,Vanguard
2019-03-06,193.6914,193.6914,193.6914,193.6914,0,Vanguard
2019-03-05,190.6483,190.6483,190.6483,190.6483,0,Vanguard
2019-03-04,190.4668,190.4668,190.4668,190.4668,0,Vanguard
2019-03-01,188.9827,188.9827,188.9827,188.9827,0,Vanguard
2019-02-28,187.7444,187.7444,187.7444,187.7444,0,Vanguard
2019-02-27,187.1608,187.1608,187.1608,187.1608,0,Vanguard
2019-02-26,189.1827,189.1827,189.1827,189.1827,0,Vanguard
2019-02-25,191.8974,191.8974,191.8974,191.8974,0,Vanguard
2019-02-22,193.3671,193.3671,193.3671,193.3671,0,Vanguard
2019-02-21,192.3738,192.3738,192.3738,192.3738,0,Vanguard
2019-02-20,192.7020,192.7020,192.7020,192.7020,0,Vanguard
2019-02-19,192.1467,192.1467,192.1467,192.1467,0,Vanguard
2019-02-18,192.6091,192.6091,192.6091,192.6091,0,Vanguard
2019-02-15,192.4636,192.4636,192.4636,192.4636,0,Vanguard
2019-02-14,192.7669,192.7669,192.7669,192.7669,0,Vanguard
2019-02-13,191.3436,191.3436,191.3436,191.3436,0,Vanguard
2019-02-12,191.7595,191.7595,191.7595,191.7595,0,Vanguard
2019-02-11,193.0979,193.0979,193.0979,193.0979,0,Vanguard
2019-02-08,192.8708,192.8708,192.8708,192.8708,0,Vanguard
2019-02-07,192.5977,192.5977,192.5977,192.5977,0,Vanguard
2019-02-06,191.7727,191.7727,191.7727,191.7727,0,Vanguard
2019-02-05,190.6872,190.6872,190.6872,190.6872,0,Vanguard
2019-02-04,190.0135,190.0135,190.0135,190.0135,0,Vanguard
2019-02-01,190.1429,190.1429,190.1429,190.1429,0,Vanguard
2019-01-31,189.2770,189.2770,189.2770,189.2770,0,Vanguard
2019-01-30,189.8234,189.8234,189.8234,189.8234,0,Vanguard
2019-01-29,189.5961,189.5961,189.5961,189.5961,0,Vanguard
2019-01-28,189.1452,189.1452,189.1452,189.1452,0,Vanguard
2019-01-25,187.7324,187.7324,187.7324,187.7324,0,Vanguard
2019-01-24,188.4188,188.4188,188.4188,188.4188,0,Vanguard
2019-01-23,187.2144,187.2144,187.2144,187.2144,0,Vanguard
2019-01-22,186.2211,186.2211,186.2211,186.2211,0,Vanguard
2019-01-21,186.5979,186.5979,186.5979,186.5979,0,Vanguard
2019-01-18,186.0204,186.0204,186.0204,186.0204,0,Vanguard
2019-01-17,185.6761,185.6761,185.6761,185.6761,0,Vanguard
2019-01-16,190.2597,190.2597,190.2597,190.2597,0,Vanguard
2019-01-15,193.3767,193.3767,193.3767,193.3767,0,Vanguard
2019-01-14,192.0071,192.0071,192.0071,192.0071,0,Vanguard
2019-01-11,192.6367,192.6367,192.6367,192.6367,0,Vanguard
2019-01-10,193.4960,193.4960,193.4960,193.4960,0,Vanguard
2019-01-09,192.7311,192.7311,192.7311,192.7311,0,Vanguard
2019-01-08,191.2690,191.2690,191.2690,191.2690,0,Vanguard
2019-01-07,192.3543,192.3543,192.3543,192.3543,0,Vanguard
2019-01-04,191.2383,191.2383,191.2383,191.2383,0,Vanguard
2019-01-03,191.7282,191.7282,191.7282,191.7282,0,Vanguard
2019-01-02,189.3071,189.3071,189.3071,189.3071,0,Vanguard
2018-12-31,188.2899,188.2899,188.2899,188.2899,0,Vanguard
2018-12-28,190.6364,190.6364,190.6364,190.6364,0,Vanguard
2018-12-27,189.5013,189.5013,189.5013,189.5013,0,Vanguard
2018-12-24,191.4569,191.4569,191.4569,191.4569,0,Vanguard
2018-12-21,189.4596,189.4596,189.4596,189.4596,0,Vanguard
2018-12-20,190.7112,190.7112,190.7112,190.7112,0,Vanguard
2018-12-19,191.4122,191.4122,191.4122,191.4122,0,Vanguard
2018-12-18,193.2792,193.2792,193.2792,193.2792,0,Vanguard
2018-12-17,194.1394,194.1394,194.1394,194.1394,0,Vanguard
2018-12-14,194.9418,194.9418,194.9418,194.9418,0,Vanguard
2018-12-13,193.3354,193.3354,193.3354,193.3354,0,Vanguard
2018-12-12,193.8774,193.8774,193.8774,193.8774,0,Vanguard
2018-12-11,196.1304,196.1304,196.1304,196.1304,0,Vanguard
2018-12-10,198.9414,198.9414,198.9414,198.9414,0,Vanguard
2018-12-07,192.5442,192.5442,192.5442,192.5442,0,Vanguard
2018-12-06,192.3737,192.3737,192.3737,192.3737,0,Vanguard
2018-12-05,189.2844,189.2844,189.2844,189.2844,0,Vanguard
2018-12-04,190.0804,190.0804,190.0804,190.0804,0,Vanguard
2018-12-03,186.4070,186.4070,186.4070,186.4070,0,Vanguard
2018-11-30,183.6661,183.6661,183.6661,183.6661,0,Vanguard
2018-11-29,184.2646,184.2646,184.2646,184.2646,0,Vanguard
2018-11-28,183.0623,183.0623,183.0623,183.0623,0,Vanguard
2018-11-27,183.6523,183.6523,183.6523,183.6523,0,Vanguard
2018-11-26,184.1136,184.1136,184.1136,184.1136,0,Vanguard
2018-11-23,185.9276,185.9276,185.9276,185.9276,0,Vanguard
2018-11-22,184.8193,184.8193,184.8193,184.8193,0,Vanguard
2018-11-21,186.2918,186.2918,186.2918,186.2918,0,Vanguard
2018-11-20,186.1200,186.1200,186.1200,186.1200,0,Vanguard
2018-11-19,187.4528,187.4528,187.4528,187.4528,0,Vanguard
2018-11-16,187.8340,187.8340,187.8340,187.8340,0,Vanguard
2018-11-15,188.8171,188.8171,188.8171,188.8171,0,Vanguard
2018-11-14,186.5358,186.5358,186.5358,186.5358,0,Vanguard
2018-11-13,186.6925,186.6925,186.6925,186.6925,0,Vanguard
2018-11-12,190.1224,190.1224,190.1224,190.1224,0,Vanguard
2018-11-09,187.7419,187.7419,187.7419,187.7419,0,Vanguard
2018-11-08,185.9074,185.9074,185.9074,185.9074,0,Vanguard
2018-11-07,186.7176,186.7176,186.7176,186.7176,0,Vanguard
2018-11-06,186.8447,186.8447,186.8447,186.8447,0,Vanguard
2018-11-05,187.8021,187.8021,187.8021,187.8021,0,Vanguard
2018-11-02,187.4661,187.4661,187.4661,187.4661,0,Vanguard
2018-11-01,189.0785,189.0785,189.0785,189.0785,0,Vanguard
2018-10-31,189.8646,189.8646,189.8646,189.8646,0,Vanguard
2018-10-30,191.5599,191.5599,191.5599,191.5599,0,Vanguard
2018-10-29,189.4648,189.4648,189.4648,189.4648,0,Vanguard
2018-10-26,189.7275,189.7275,189.7275,189.7275,0,Vanguard
2018-10-25,187.9966,187.9966,187.9966,187.9966,0,Vanguard
2018-10-24,187.9814,187.9814,187.9814,187.9814,0,Vanguard
2018-10-23,186.9461,186.9461,186.9461,186.9461,0,Vanguard
2018-10-22,186.1284,186.1284,186.1284,186.1284,0,Vanguard
2018-10-19,185.5019,185.5019,185.5019,185.5019,0,Vanguard
2018-10-18,185.6764,185.6764,185.6764,185.6764,0,Vanguard
2018-10-17,186.1359,186.1359,186.1359,186.1359,0,Vanguard
2018-10-16,184.7258,184.7258,184.7258,184.7258,0,Vanguard
2018-10-15,183.8603,183.8603,183.8603,183.8603,0,Vanguard
2018-10-12,182.9539,182.9539,182.9539,182.9539,0,Vanguard
2018-10-11,181.8962,181.8962,181.8962,181.8962,0,Vanguard
2018-10-10,182.8408,182.8408,182.8408,182.8408,0,Vanguard
2018-10-09,184.1581,184.1581,184.1581,184.1581,0,Vanguard
2018-10-08,184.8924,184.8924,184.8924,184.8924,0,Vanguard
2018-10-05,181.9657,181.9657,181.9657,181.9657,0,Vanguard
2018-10-04,184.0325,184.0325,184.0325,184.0325,0,Vanguard
2018-10-03,186.3722,186.3722,186.3722,186.3722,0,Vanguard
2018-10-02,186.7571,186.7571,186.7571,186.7571,0,Vanguard
2018-10-01,185.9897,185.9897,185.9897,185.9897,0,Vanguard
2018-09-28,184.7625,184.7625,184.7625,184.7625,0,Vanguard
2018-09-27,183.5603,183.5603,183.5603,183.5603,0,Vanguard
2018-09-26,183.6644,183.6644,183.6644,183.6644,0,Vanguard
2018-09-25,183.0232,183.0232,183.0232,183.0232,0,Vanguard
2018-09-24,183.9282,183.9282,183.9282,183.9282,0,Vanguard
2018-09-21,184.8254,184.8254,184.8254,184.8254,0,Vanguard
2018-09-20,183.1504,183.1504,183.1504,183.1504,0,Vanguard
2018-09-19,181.7006,181.7006,181.7006,181.7006,0,Vanguard
2018-09-18,182.6246,182.6246,182.6246,182.6246,0,Vanguard
2018-09-17,183.7518,183.7518,183.7518,183.7518,0,Vanguard
2018-09-14,184.2806,184.2806,184.2806,184.2806,0,Vanguard
2018-09-13,184.5815,184.5815,184.5815,184.5815,0,Vanguard
2018-09-12,184.1125,184.1125,184.1125,184.1125,0,Vanguard
2018-09-11,183.8842,183.8842,183.8842,183.8842,0,Vanguard
2018-09-10,183.9130,183.9130,183.9130,183.9130,0,Vanguard
2018-09-07,185.0597,185.0597,185.0597,185.0597,0,Vanguard
2018-09-06,186.6330,186.6330,186.6330,186.6330,0,Vanguard
2018-09-05,185.0022,185.0022,185.0022,185.0022,0,Vanguard
2018-09-04,187.1707,187.1707,187.1707,187.1707,0,Vanguard
2018-09-03,188.1207,188.1207,188.1207,188.1207,0,Vanguard
2018-08-31,186.6552,186.6552,186.6552,186.6552,0,Vanguard
2018-08-30,186.4137,186.4137,186.4137,186.4137,0,Vanguard
2018-08-29,186.0907,186.0907,186.0907,186.0907,0,Vanguard
2018-08-28,187.7862,187.7862,187.7862,187.7862,0,Vanguard
2018-08-24,188.2530,188.2530,188.2530,188.2530,0,Vanguard
2018-08-23,188.7247,188.7247,188.7247,188.7247,0,Vanguard
2018-08-22,188.7800,188.7800,188.7800,188.7800,0,Vanguard
2018-08-21,189.3656,189.3656,189.3656,189.3656,0,Vanguard
2018-08-20,190.3755,190.3755,190.3755,190.3755,0,Vanguard
2018-08-17,190.5774,190.5774,190.5774,190.5774,0,Vanguard
2018-08-16,190.9604,190.9604,190.9604,190.9604,0,Vanguard
2018-08-15,190.9922,190.9922,190.9922,190.9922,0,Vanguard
2018-08-14,190.4142,190.4142,190.4142,190.4142,0,Vanguard
2018-08-13,190.4525,190.4525,190.4525,190.4525,0,Vanguard
2018-08-10,190.4911,190.4911,190.4911,190.4911,0,Vanguard
2018-08-09,189.0172,189.0172,189.0172,189.0172,0,Vanguard
2018-08-08,188.9690,188.9690,188.9690,188.9690,0,Vanguard
2018-08-07,188.8363,188.8363,188.8363,188.8363,0,Vanguard
2018-08-06,188.9122,188.9122,188.9122,188.9122,0,Vanguard
2018-08-03,188.0841,188.0841,188.0841,188.0841,0,Vanguard
2018-08-02,186.7871,186.7871,186.7871,186.7871,0,Vanguard
2018-08-01,186.4417,186.4417,186.4417,186.4417,0,Vanguard
2018-07-31,187.8501,187.8501,187.8501,187.8501,0,Vanguard
2018-07-30,186.4968,186.4968,186.4968,186.4968,0,Vanguard
2018-07-27,188.2527,188.2527,188.2527,188.2527,0,Vanguard
2018-07-26,188.3984,188.3984,188.3984,188.3984,0,Vanguard
2018-07-25,189.0003,189.0003,189.0003,189.0003,0,Vanguard
2018-07-24,188.9902,188.9902,188.9902,188.9902,0,Vanguard
2018-07-23,188.8178,188.8178,188.8178,188.8178,0,Vanguard
2018-07-20,189.3699,189.3699,189.3699,189.3699,0,Vanguard
2018-07-19,189.8631,189.8631,189.8631,189.8631,0,Vanguard
2018-07-18,188.4988,188.4988,188.4988,188.4988,0,Vanguard
2018-07-17,188.4035,188.4035,188.4035,188.4035,0,Vanguard
2018-07-16,188.0273,188.0273,188.0273,188.0273,0,Vanguard
2018-07-13,188.3177,188.3177,188.3177,188.3177,0,Vanguard
2018-07-12,188.2172,188.2172,188.2172,188.2172,0,Vanguard
2018-07-11,187.6678,187.6678,187.6678,187.6678,0,Vanguard
2018-07-10,186.5792,186.5792,186.5792,186.5792,0,Vanguard
2018-07-09,187.9675,187.9675,187.9675,187.9675,0,Vanguard
2018-07-06,187.9077,187.9077,187.9077,187.9077,0,Vanguard
2018-07-05,187.6848,187.6848,187.6848,187.6848,0,Vanguard
2018-07-04,186.9586,186.9586,186.9586,186.9586,0,Vanguard
2018-07-03,188.1763,188.1763,188.1763,188.1763,0,Vanguard
2018-07-02,188.0072,188.0072,188.0072,188.0072,0,Vanguard
2018-06-29,186.9483,186.9483,186.9483,186.9483,0,Vanguard
2018-06-28,186.6149,186.6149,186.6149,186.6149,0,Vanguard
2018-06-27,187.8614,187.8614,187.8614,187.8614,0,Vanguard
2018-06-26,186.4164,186.4164,186.4164,186.4164,0,Vanguard
2018-06-25,186.5670,186.5670,186.5670,186.5670,0,Vanguard
2018-06-22,186.3773,186.3773,186.3773,186.3773,0,Vanguard
2018-06-21,186.9336,186.9336,186.9336,186.9336,0,Vanguard
2018-06-20,186.2074,186.2074,186.2074,186.2074,0,Vanguard
2018-06-19,187.4509,187.4509,187.4509,187.4509,0,Vanguard
2018-06-18,186.8158,186.8158,186.8158,186.8158,0,Vanguard
2018-06-15,186.8429,186.8429,186.8429,186.8429,0,Vanguard
2018-06-14,187.9582,187.9582,187.9582,187.9582,0,Vanguard
2018-06-13,186.6205,186.6205,186.6205,186.6205,0,Vanguard
2018-06-12,185.1744,185.1744,185.1744,185.1744,0,Vanguard
2018-06-11,183.8431,183.8431,183.8431,183.8431,0,Vanguard
2018-06-08,183.6966,183.6966,183.6966,183.6966,0,Vanguard
2018-06-07,182.7108,182.7108,182.7108,182.7108,0,Vanguard
2018-06-06,183.3396,183.3396,183.3396,183.3396,0,Vanguard
2018-06-05,186.9067,186.9067,186.9067,186.9067,0,Vanguard
2018-06-04,186.9479,186.9479,186.9479,186.9479,0,Vanguard
2018-06-01,186.4472,186.4472,186.4472,186.4472,0,Vanguard
2018-05-31,188.2938,188.2938,188.2938,188.2938,0,Vanguard
2018-05-30,187.2929,187.2929,187.2929,187.2929,0,Vanguard
2018-05-29,186.1956,186.1956,186.1956,186.1956,0,Vanguard
2018-05-25,183.9768,183.9768,183.9768,183.9768,0,Vanguard
2018-05-24,182.4445,182.4445,182.4445,182.4445,0,Vanguard
2018-05-23,182.4177,182.4177,182.4177,182.4177,0,Vanguard
2018-05-22,181.4077,181.4077,181.4077,181.4077,0,Vanguard
2018-05-21,181.6999,181.6999,181.6999,181.6999,0,Vanguard
2018-05-18,181.6947,181.6947,181.6947,181.6947,0,Vanguard
2018-05-17,180.7380,180.7380,180.7380,180.7380,0,Vanguard
2018-05-16,181.7387,181.7387,181.7387,181.7387,0,Vanguard
2018-05-15,181.6676,181.6676,181.6676,181.6676,0,Vanguard
2018-05-14,181.6570,181.6570,181.6570,181.6570,0,Vanguard
2018-05-11,182.8594,182.8594,182.8594,182.8594,0,Vanguard
2018-05-10,183.7823,183.7823,183.7823,183.7823,0,Vanguard
2018-05-09,181.9967,181.9967,181.9967,181.9967,0,Vanguard
2018-05-08,182.8336,182.8336,182.8336,182.8336,0,Vanguard
2018-05-04,184.6597,184.6597,184.6597,184.6597,0,Vanguard
2018-05-03,185.0332,185.0332,185.0332,185.0332,0,Vanguard
2018-05-02,183.1395,183.1395,183.1395,183.1395,0,Vanguard
2018-05-01,185.2056,185.2056,185.2056,185.2056,0,Vanguard
2018-04-30,184.0568,184.0568,184.0568,184.0568,0,Vanguard
2018-04-27,182.1305,182.1305,182.1305,182.1305,0,Vanguard
2018-04-26,181.8683,181.8683,181.8683,181.8683,0,Vanguard
2018-04-25,180.7186,180.7186,180.7186,180.7186,0,Vanguard
2018-04-24,179.6415,179.6415,179.6415,179.6415,0,Vanguard
2018-04-23,180.1456,180.1456,180.1456,180.1456,0,Vanguard
2018-04-20,180.9616,180.9616,180.9616,180.9616,0,Vanguard
2018-04-19,180.5855,180.5855,180.5855,180.5855,0,Vanguard
2018-04-18,182.8041,182.8041,182.8041,182.8041,0,Vanguard
2018-04-17,183.2828,183.2828,183.2828,183.2828,0,Vanguard
2018-04-16,183.3497,183.3497,183.3497,183.3497,0,Vanguard
2018-04-13,184.7485,184.7485,184.7485,184.7485,0,Vanguard
2018-04-12,185.0884,185.0884,185.0884,185.0884,0,Vanguard
2018-04-11,187.0046,187.0046,187.0046,187.0046,0,Vanguard
2018-04-10,185.6379,185.6379,185.6379,185.6379,0,Vanguard
2018-04-09,186.2159,186.2159,186.2159,186.2159,0,Vanguard
2018-04-06,185.8162,185.8162,185.8162,185.8162,0,Vanguard
2018-04-05,185.8767,185.8767,185.8767,185.8767,0,Vanguard
2018-04-04,186.6870,186.6870,186.6870,186.6870,0,Vanguard
2018-04-03,188.0041,188.0041,188.0041,188.0041,0,Vanguard
2018-03-29,187.6047,187.6047,187.6047,187.6047,0,Vanguard
2018-03-28,187.5492,187.5492,187.5492,187.5492,0,Vanguard
2018-03-27,186.2458,186.2458,186.2458,186.2458,0,Vanguard
2018-03-26,186.8884,186.8884,186.8884,186.8884,0,Vanguard
2018-03-23,186.7003,186.7003,186.7003,186.7003,0,Vanguard
2018-03-22,187.9056,187.9056,187.9056,187.9056,0,Vanguard
2018-03-21,185.0815,185.0815,185.0815,185.0815,0,Vanguard
2018-03-20,185.3738,185.3738,185.3738,185.3738,0,Vanguard
2018-03-19,185.9829,185.9829,185.9829,185.9829,0,Vanguard
2018-03-16,186.1598,186.1598,186.1598,186.1598,0,Vanguard
2018-03-15,186.0400,186.0400,186.0400,186.0400,0,Vanguard
2018-03-14,185.9744,185.9744,185.9744,185.9744,0,Vanguard
2018-03-13,183.6645,183.6645,183.6645,183.6645,0,Vanguard
2018-03-12,182.4510,182.4510,182.4510,182.4510,0,Vanguard
2018-03-09,182.4937,182.4937,182.4937,182.4937,0,Vanguard
2018-03-08,183.3723,183.3723,183.3723,183.3723,0,Vanguard
2018-03-07,183.2686,183.2686,183.2686,183.2686,0,Vanguard
2018-03-06,182.9014,182.9014,182.9014,182.9014,0,Vanguard
2018-03-05,183.7621,183.7621,183.7621,183.7621,0,Vanguard
2018-03-02,185.1734,185.1734,185.1734,185.1734,0,Vanguard
2018-03-01,184.9818,184.9818,184.9818,184.9818,0,Vanguard
2018-02-28,184.3759,184.3759,184.3759,184.3759,0,Vanguard
2018-02-27,183.0811,183.0811,183.0811,183.0811,0,Vanguard
2018-02-26,184.0364,184.0364,184.0364,184.0364,0,Vanguard
2018-02-23,183.4857,183.4857,183.4857,183.4857,0,Vanguard
2018-02-22,183.3461,183.3461,183.3461,183.3461,0,Vanguard
2018-02-21,183.8939,183.8939,183.8939,183.8939,0,Vanguard
2018-02-20,184.2994,184.2994,184.2994,184.2994,0,Vanguard
2018-02-19,182.5652,182.5652,182.5652,182.5652,0,Vanguard
2018-02-16,182.6956,182.6956,182.6956,182.6956,0,Vanguard
2018-02-15,180.0060,180.0060,180.0060,180.0060,0,Vanguard
2018-02-14,180.3654,180.3654,180.3654,180.3654,0,Vanguard
2018-02-13,180.7297,180.7297,180.7297,180.7297,0,Vanguard
2018-02-12,181.6011,181.6011,181.6011,181.6011,0,Vanguard
2018-02-09,181.4414,181.4414,181.4414,181.4414,0,Vanguard
2018-02-08,181.5314,181.5314,181.5314,181.5314,0,Vanguard
2018-02-07,184.1409,184.1409,184.1409,184.1409,0,Vanguard
2018-02-06,183.3524,183.3524,183.3524,183.3524,0,Vanguard
2018-02-05,183.3574,183.3574,183.3574,183.3574,0,Vanguard
2018-02-02,182.9757,182.9757,182.9757,182.9757,0,Vanguard
2018-02-01,182.6744,182.6744,182.6744,182.6744,0,Vanguard
2018-01-31,183.8877,183.8877,183.8877,183.8877,0,Vanguard
2018-01-30,184.7746,184.7746,184.7746,184.7746,0,Vanguard
2018-01-29,185.3288,185.3288,185.3288,185.3288,0,Vanguard
2018-01-26,185.1921,185.1921,185.1921,185.1921,0,Vanguard
2018-01-25,184.3902,184.3902,184.3902,184.3902,0,Vanguard
2018-01-24,184.6028,184.6028,184.6028,184.6028,0,Vanguard
2018-01-23,186.2801,186.2801,186.2801,186.2801,0,Vanguard
2018-01-22,186.4558,186.4558,186.4558,186.4558,0,Vanguard
2018-01-19,186.8817,186.8817,186.8817,186.8817,0,Vanguard
2018-01-18,186.8625,186.8625,186.8625,186.8625,0,Vanguard
2018-01-17,187.6969,187.6969,187.6969,187.6969,0,Vanguard
2018-01-16,187.1621,187.1621,187.1621,187.1621,0,Vanguard
2018-01-15,187.2598,187.2598,187.2598,187.2598,0,Vanguard
2018-01-12,186.8610,186.8610,186.8610,186.8610,0,Vanguard
2018-01-11,187.4584,187.4584,187.4584,187.4584,0,Vanguard
2018-01-10,188.3715,188.3715,188.3715,188.3715,0,Vanguard
2018-01-09,188.3796,188.3796,188.3796,188.3796,0,Vanguard
2018-01-08,189.1190,189.1190,189.1190,189.1190,0,Vanguard
2018-01-05,188.4980,188.4980,188.4980,188.4980,0,Vanguard
2018-01-04,189.2247,189.2247,189.2247,189.2247,0,Vanguard
2018-01-03,189.5315,189.5315,189.5315,189.5315,0,Vanguard
2018-01-02,187.0019,187.0019,187.0019,187.0019,0,Vanguard
2017-12-29,188.7930,188.7930,188.7930,188.7930,0,Vanguard
2017-12-28,188.7408,188.7408,188.7408,188.7408,0,Vanguard
2017-12-27,189.6818,189.6818,189.6818,189.6818,0,Vanguard
2017-12-22,187.5649,187.5649,187.5649,187.5649,0,Vanguard
2017-12-21,186.7930,186.7930,186.7930,186.7930,0,Vanguard
2017-12-20,185.8605,185.8605,185.8605,185.8605,0,Vanguard
2017-12-19,186.6654,186.6654,186.6654,186.6654,0,Vanguard
2017-12-18,189.2850,189.2850,189.2850,189.2850,0,Vanguard
2017-12-15,188.7119,188.7119,188.7119,188.7119,0,Vanguard
2017-12-14,188.9996,188.9996,188.9996,188.9996,0,Vanguard
2017-12-13,186.7989,186.7989,186.7989,186.7989,0,Vanguard
2017-12-12,188.1087,188.1087,188.1087,188.1087,0,Vanguard
2017-12-11,188.1832,188.1832,188.1832,188.1832,0,Vanguard
2017-12-08,186.4344,186.4344,186.4344,186.4344,0,Vanguard
2017-12-07,187.6771,187.6771,187.6771,187.6771,0,Vanguard
2017-12-06,188.5315,188.5315,188.5315,188.5315,0,Vanguard
2017-12-05,187.9722,187.9722,187.9722,187.9722,0,Vanguard
2017-12-04,186.0913,186.0913,186.0913,186.0913,0,Vanguard
2017-12-01,187.9309,187.9309,187.9309,187.9309,0,Vanguard
2017-11-30,185.2696,185.2696,185.2696,185.2696,0,Vanguard
2017-11-29,185.4448,185.4448,185.4448,185.4448,0,Vanguard
2017-11-28,188.8254,188.8254,188.8254,188.8254,0,Vanguard
2017-11-27,188.6427,188.6427,188.6427,188.6427,0,Vanguard
2017-11-24,188.8239,188.8239,188.8239,188.8239,0,Vanguard
2017-11-23,188.4177,188.4177,188.4177,188.4177,0,Vanguard
2017-11-22,187.3399,187.3399,187.3399,187.3399,0,Vanguard
2017-11-21,188.9224,188.9224,188.9224,188.9224,0,Vanguard
2017-11-20,188.4996,188.4996,188.4996,188.4996,0,Vanguard
2017-11-17,186.4571,186.4571,186.4571,186.4571,0,Vanguard
2017-11-16,185.6590,185.6590,185.6590,185.6590,0,Vanguard
2017-11-15,186.3738,186.3738,186.3738,186.3738,0,Vanguard
2017-11-14,186.8914,186.8914,186.8914,186.8914,0,Vanguard
2017-11-13,186.7053,186.7053,186.7053,186.7053,0,Vanguard
2017-11-10,186.0235,186.0235,186.0235,186.0235,0,Vanguard
2017-11-09,187.8402,187.8402,187.8402,187.8402,0,Vanguard
2017-11-08,188.8343,188.8343,188.8343,188.8343,0,Vanguard
2017-11-07,186.8718,186.8718,186.8718,186.8718,0,Vanguard
2017-11-06,184.8643,184.8643,184.8643,184.8643,0,Vanguard
2017-11-03,184.3346,184.3346,184.3346,184.3346,0,Vanguard
2017-11-02,186.0224,186.0224,186.0224,186.0224,0,Vanguard
2017-11-01,184.5547,184.5547,184.5547,184.5547,0,Vanguard
2017-10-31,183.9478,183.9478,183.9478,183.9478,0,Vanguard
2017-10-30,182.7197,182.7197,182.7197,182.7197,0,Vanguard
2017-10-27,181.6088,181.6088,181.6088,181.6088,0,Vanguard
2017-10-26,181.5781,181.5781,181.5781,181.5781,0,Vanguard
2017-10-25,182.3781,182.3781,182.3781,182.3781,0,Vanguard
2017-10-24,183.2412,183.2412,183.2412,183.2412,0,Vanguard
2017-10-23,184.4223,184.4223,184.4223,184.4223,0,Vanguard
2017-10-20,183.8183,183.8183,183.8183,183.8183,0,Vanguard
2017-10-19,186.4609,186.4609,186.4609,186.4609,0,Vanguard
2017-10-18,185.9591,185.9591,185.9591,185.9591,0,Vanguard
2017-10-17,188.9858,188.9858,188.9858,188.9858,0,Vanguard
2017-10-16,186.8465,186.8465,186.8465,186.8465,0,Vanguard
2017-10-13,185.8155,185.8155,185.8155,185.8155,0,Vanguard
2017-10-12,184.8528,184.8528,184.8528,184.8528,0,Vanguard
2017-10-11,186.0183,186.0183,186.0183,186.0183,0,Vanguard
2017-10-10,185.3131,185.3131,185.3131,185.3131,0,Vanguard
2017-10-09,183.9422,183.9422,183.9422,183.9422,0,Vanguard
2017-10-06,184.4414,184.4414,184.4414,184.4414,0,Vanguard
2017-10-05,183.1018,183.1018,183.1018,183.1018,0,Vanguard
2017-10-04,183.5386,183.5386,183.5386,183.5386,0,Vanguard
2017-10-03,183.1461,183.1461,183.1461,183.1461,0,Vanguard
2017-10-02,183.9687,183.9687,183.9687,183.9687,0,Vanguard
2017-09-29,182.3367,182.3367,182.3367,182.3367,0,Vanguard
2017-09-28,181.2583,181.2583,181.2583,181.2583,0,Vanguard
2017-09-27,181.2970,181.2970,181.2970,181.2970,0,Vanguard
2017-09-26,182.6081,182.6081,182.6081,182.6081,0,Vanguard
2017-09-25,184.1834,184.1834,184.1834,184.1834,0,Vanguard
2017-09-22,182.9943,182.9943,182.9943,182.9943,0,Vanguard
2017-09-21,182.4556,182.4556,182.4556,182.4556,0,Vanguard
2017-09-20,182.1272,182.1272,182.1272,182.1272,0,Vanguard
2017-09-19,180.6622,180.6622,180.6622,180.6622,0,Vanguard
2017-09-18,181.2322,181.2322,181.2322,181.2322,0,Vanguard
2017-09-15,181.6820,181.6820,181.6820,181.6820,0,Vanguard
2017-09-14,185.8373,185.8373,185.8373,185.8373,0,Vanguard
2017-09-13,187.8747,187.8747,187.8747,187.8747,0,Vanguard
2017-09-12,187.2103,187.2103,187.2103,187.2103,0,Vanguard
2017-09-11,191.8887,191.8887,191.8887,191.8887,0,Vanguard
2017-09-08,193.9029,193.9029,193.9029,193.9029,0,Vanguard
2017-09-07,194.8619,194.8619,194.8619,194.8619,0,Vanguard
2017-09-06,191.6572,191.6572,191.6572,191.6572,0,Vanguard
2017-09-05,190.3322,190.3322,190.3322,190.3322,0,Vanguard
2017-09-04,188.6280,188.6280,188.6280,188.6280,0,Vanguard
2017-09-01,189.1909,189.1909,189.1909,189.1909,0,Vanguard
2017-08-31,189.9553,189.9553,189.9553,189.9553,0,Vanguard
2017-08-30,190.2783,190.2783,190.2783,190.2783,0,Vanguard
2017-08-29,192.5862,192.5862,192.5862,192.5862,0,Vanguard
2017-08-25,189.7039,189.7039,189.7039,189.7039,0,Vanguard
2017-08-24,188.9361,188.9361,188.9361,188.9361,0,Vanguard
2017-08-23,188.4507,188.4507,188.4507,188.4507,0,Vanguard
2017-08-22,186.2449,186.2449,186.2449,186.2449,0,Vanguard
2017-08-21,187.0934,187.0934,187.0934,187.0934,0,Vanguard
2017-08-18,186.4723,186.4723,186.4723,186.4723,0,Vanguard
2017-08-17,186.4647,186.4647,186.4647,186.4647,0,Vanguard
2017-08-16,186.2849,186.2849,186.2849,186.2849,0,Vanguard
2017-08-15,186.5501,186.5501,186.5501,186.5501,0,Vanguard
2017-08-14,186.3814,186.3814,186.3814,186.3814,0,Vanguard
2017-08-11,187.6842,187.6842,187.6842,187.6842,0,Vanguard
2017-08-10,187.8716,187.8716,187.8716,187.8716,0,Vanguard
2017-08-09,186.0149,186.0149,186.0149,186.0149,0,Vanguard
2017-08-08,184.3934,184.3934,184.3934,184.3934,0,Vanguard
2017-08-07,183.8400,183.8400,183.8400,183.8400,0,Vanguard
2017-08-04,183.0764,183.0764,183.0764,183.0764,0,Vanguard
2017-08-03,183.1321,183.1321,183.1321,183.1321,0,Vanguard
2017-08-02,181.4168,181.4168,181.4168,181.4168,0,Vanguard
2017-08-01,182.1631,182.1631,182.1631,182.1631,0,Vanguard
2017-07-31,181.0867,181.0867,181.0867,181.0867,0,Vanguard
2017-07-28,180.9193,180.9193,180.9193,180.9193,0,Vanguard
2017-07-27,181.5200,181.5200,181.5200,181.5200,0,Vanguard
2017-07-26,183.1218,183.1218,183.1218,183.1218,0,Vanguard
2017-07-25,182.7132,182.7132,182.7132,182.7132,0,Vanguard
2017-07-24,184.5004,184.5004,184.5004,184.5004,0,Vanguard
2017-07-21,183.2968,183.2968,183.2968,183.2968,0,Vanguard
2017-07-20,181.2337,181.2337,181.2337,181.2337,0,Vanguard
2017-07-19,180.5776,180.5776,180.5776,180.5776,0,Vanguard
2017-07-18,179.4822,179.4822,179.4822,179.4822,0,Vanguard
2017-07-17,177.4687,177.4687,177.4687,177.4687,0,Vanguard
2017-07-14,177.1117,177.1117,177.1117,177.1117,0,Vanguard
2017-07-13,179.5774,179.5774,179.5774,179.5774,0,Vanguard
2017-07-12,180.8090,180.8090,180.8090,180.8090,0,Vanguard
2017-07-11,178.7050,178.7050,178.7050,178.7050,0,Vanguard
2017-07-10,179.8397,179.8397,179.8397,179.8397,0,Vanguard
2017-07-07,179.5234,179.5234,179.5234,179.5234,0,Vanguard
2017-07-06,179.9088,179.9088,179.9088,179.9088,0,Vanguard
2017-07-05,182.1010,182.1010,182.1010,182.1010,0,Vanguard
2017-07-04,183.1997,183.1997,183.1997,183.1997,0,Vanguard
2017-07-03,183.6047,183.6047,183.6047,183.6047,0,Vanguard
2017-06-30,183.7826,183.7826,183.7826,183.7826,0,Vanguard
2017-06-29,182.2903,182.2903,182.2903,182.2903,0,Vanguard
2017-06-28,184.7823,184.7823,184.7823,184.7823,0,Vanguard
2017-06-27,186.3438,186.3438,186.3438,186.3438,0,Vanguard
2017-06-26,188.6185,188.6185,188.6185,188.6185,0,Vanguard
2017-06-23,189.2497,189.2497,189.2497,189.2497,0,Vanguard
2017-06-22,191.2112,191.2112,191.2112,191.2112,0,Vanguard
2017-06-21,190.0897,190.0897,190.0897,190.0897,0,Vanguard
2017-06-20,188.8224,188.8224,188.8224,188.8224,0,Vanguard
2017-06-19,187.0640,187.0640,187.0640,187.0640,0,Vanguard
2017-06-16,185.3889,185.3889,185.3889,185.3889,0,Vanguard
2017-06-15,184.3357,184.3357,184.3357,184.3357,0,Vanguard
2017-06-14,189.1928,189.1928,189.1928,189.1928,0,Vanguard
2017-06-13,186.8883,186.8883,186.8883,186.8883,0,Vanguard
2017-06-12,189.3653,189.3653,189.3653,189.3653,0,Vanguard
2017-06-09,188.2192,188.2192,188.2192,188.2192,0,Vanguard
2017-06-08,187.0336,187.0336,187.0336,187.0336,0,Vanguard
2017-06-07,190.3063,190.3063,190.3063,190.3063,0,Vanguard
2017-06-06,190.7661,190.7661,190.7661,190.7661,0,Vanguard
2017-06-05,189.3448,189.3448,189.3448,189.3448,0,Vanguard
2017-06-02,189.9866,189.9866,189.9866,189.9866,0,Vanguard
2017-06-01,189.5508,189.5508,189.5508,189.5508,0,Vanguard
2017-05-31,189.5115,189.5115,189.5115,189.5115,0,Vanguard
2017-05-30,190.9227,190.9227,190.9227,190.9227,0,Vanguard
2017-05-26,191.7481,191.7481,191.7481,191.7481,0,Vanguard
2017-05-25,192.3239,192.3239,192.3239,192.3239,0,Vanguard
2017-05-24,192.7820,192.7820,192.7820,192.7820,0,Vanguard
2017-05-23,192.6673,192.6673,192.6673,192.6673,0,Vanguard
2017-05-22,191.9490,191.9490,191.9490,191.9490,0,Vanguard
2017-05-19,191.4505,191.4505,191.4505,191.4505,0,Vanguard
2017-05-18,190.7023,190.7023,190.7023,190.7023,0,Vanguard
2017-05-17,190.1678,190.1678,190.1678,190.1678,0,Vanguard
2017-05-16,189.3320,189.3320,189.3320,189.3320,0,Vanguard
2017-05-15,188.8659,188.8659,188.8659,188.8659,0,Vanguard
2017-05-12,189.4324,189.4324,189.4324,189.4324,0,Vanguard
2017-05-11,188.4421,188.4421,188.4421,188.4421,0,Vanguard
2017-05-10,188.0393,188.0393,188.0393,188.0393,0,Vanguard
2017-05-09,185.4212,185.4212,185.4212,185.4212,0,Vanguard
2017-05-08,184.1222,184.1222,184.1222,184.1222,0,Vanguard
2017-05-05,186.0094,186.0094,186.0094,186.0094,0,Vanguard
2017-05-04,187.1457,187.1457,187.1457,187.1457,0,Vanguard
2017-05-03,190.1638,190.1638,190.1638,190.1638,0,Vanguard
2017-05-02,191.6449,191.6449,191.6449,191.6449,0,Vanguard
2017-04-28,193.1067,193.1067,193.1067,193.1067,0,Vanguard
2017-04-27,189.0757,189.0757,189.0757,189.0757,0,Vanguard
2017-04-26,189.6783,189.6783,189.6783,189.6783,0,Vanguard
2017-04-25,190.7578,190.7578,190.7578,190.7578,0,Vanguard
2017-04-24,191.5216,191.5216,191.5216,191.5216,0,Vanguard
2017-04-21,193.1090,193.1090,193.1090,193.1090,0,Vanguard
2017-04-20,192.7498,192.7498,192.7498,192.7498,0,Vanguard
2017-04-19,193.0363,193.0363,193.0363,193.0363,0,Vanguard
2017-04-18,193.6519,193.6519,193.6519,193.6519,0,Vanguard
2017-04-13,196.6419,196.6419,196.6419,196.6419,0,Vanguard
2017-04-12,198.4734,198.4734,198.4734,198.4734,0,Vanguard
2017-04-11,197.5886,197.5886,197.5886,197.5886,0,Vanguard
2017-04-10,194.7881,194.7881,194.7881,194.7881,0,Vanguard
2017-04-07,193.9228,193.9228,193.9228,193.9228,0,Vanguard
2017-04-06,194.2393,194.2393,194.2393,194.2393,0,Vanguard
2017-04-05,192.3390,192.3390,192.3390,192.3390,0,Vanguard
2017-04-04,192.3043,192.3043,192.3043,192.3043,0,Vanguard
2017-04-03,191.5141,191.5141,191.5141,191.5141,0,Vanguard
2017-03-31,188.1491,188.1491,188.1491,188.1491,0,Vanguard
2017-03-30,186.5569,186.5569,186.5569,186.5569,0,Vanguard
2017-03-29,186.2663,186.2663,186.2663,186.2663,0,Vanguard
2017-03-28,186.7921,186.7921,186.7921,186.7921,0,Vanguard
2017-03-27,187.2015,187.2015,187.2015,187.2015,0,Vanguard
2017-03-24,186.7722,186.7722,186.7722,186.7722,0,Vanguard
2017-03-23,184.7905,184.7905,184.7905,184.7905,0,Vanguard
2017-03-22,185.7443,185.7443,185.7443,185.7443,0,Vanguard
2017-03-21,182.9772,182.9772,182.9772,182.9772,0,Vanguard
2017-03-20,182.9290,182.9290,182.9290,182.9290,0,Vanguard
2017-03-17,181.8590,181.8590,181.8590,181.8590,0,Vanguard
2017-03-16,184.4655,184.4655,184.4655,184.4655,0,Vanguard
2017-03-15,185.1431,185.1431,185.1431,185.1431,0,Vanguard
2017-03-14,185.2327,185.2327,185.2327,185.2327,0,Vanguard
2017-03-13,185.2368,185.2368,185.2368,185.2368,0,Vanguard
2017-03-10,185.1710,185.1710,185.1710,185.1710,0,Vanguard
2017-03-09,185.8908,185.8908,185.8908,185.8908,0,Vanguard
2017-03-08,185.0207,185.0207,185.0207,185.0207,0,Vanguard
2017-03-07,184.2997,184.2997,184.2997,184.2997,0,Vanguard
2017-03-06,182.5811,182.5811,182.5811,182.5811,0,Vanguard
2017-03-03,183.7344,183.7344,183.7344,183.7344,0,Vanguard
2017-03-02,184.8528,184.8528,184.8528,184.8528,0,Vanguard
2017-03-01,185.9676,185.9676,185.9676,185.9676,0,Vanguard
2017-02-28,186.7300,186.7300,186.7300,186.7300,0,Vanguard
2017-02-27,186.3870,186.3870,186.3870,186.3870,0,Vanguard
2017-02-24,186.1746,186.1746,186.1746,186.1746,0,Vanguard
2017-02-23,184.3410,184.3410,184.3410,184.3410,0,Vanguard
2017-02-22,182.4206,182.4206,182.4206,182.4206,0,Vanguard
2017-02-21,181.7241,181.7241,181.7241,181.7241,0,Vanguard
2017-02-20,183.8236,183.8236,183.8236,183.8236,0,Vanguard
2017-02-17,184.5765,184.5765,184.5765,184.5765,0,Vanguard
2017-02-16,184.1372,184.1372,184.1372,184.1372,0,Vanguard
2017-02-15,183.7324,183.7324,183.7324,183.7324,0,Vanguard
2017-02-14,185.6964,185.6964,185.6964,185.6964,0,Vanguard
2017-02-13,185.5733,185.5733,185.5733,185.5733,0,Vanguard
2017-02-10,186.0096,186.0096,186.0096,186.0096,0,Vanguard
2017-02-09,187.5914,187.5914,187.5914,187.5914,0,Vanguard
2017-02-08,187.1234,187.1234,187.1234,187.1234,0,Vanguard
2017-02-07,185.0789,185.0789,185.0789,185.0789,0,Vanguard
2017-02-06,184.4895,184.4895,184.4895,184.4895,0,Vanguard
2017-02-03,183.4192,183.4192,183.4192,183.4192,0,Vanguard
2017-02-02,184.7804,184.7804,184.7804,184.7804,0,Vanguard
2017-02-01,184.0714,184.0714,184.0714,184.0714,0,Vanguard
2017-01-31,184.9945,184.9945,184.9945,184.9945,0,Vanguard
2017-01-30,183.3269,183.3269,183.3269,183.3269,0,Vanguard
2017-01-27,181.9157,181.9157,181.9157,181.9157,0,Vanguard
2017-01-26,180.9817,180.9817,180.9817,180.9817,0,Vanguard
2017-01-25,181.5949,181.5949,181.5949,181.5949,0,Vanguard
2017-01-24,183.2063,183.2063,183.2063,183.2063,0,Vanguard
2017-01-23,181.0906,181.0906,181.0906,181.0906,0,Vanguard
2017-01-20,179.7075,179.7075,179.7075,179.7075,0,Vanguard
2017-01-19,180.7814,180.7814,180.7814,180.7814,0,Vanguard
2017-01-18,183.8101,183.8101,183.8101,183.8101,0,Vanguard
2017-01-17,183.2745,183.2745,183.2745,183.2745,0,Vanguard
2017-01-16,183.8739,183.8739,183.8739,183.8739,0,Vanguard
2017-01-13,183.4513,183.4513,183.4513,183.4513,0,Vanguard
2017-01-12,185.1674,185.1674,185.1674,185.1674,0,Vanguard
2017-01-11,184.0230,184.0230,184.0230,184.0230,0,Vanguard
2017-01-10,183.1643,183.1643,183.1643,183.1643,0,Vanguard
2017-01-09,183.0000,183.0000,183.0000,183.0000,0,Vanguard
2017-01-06,183.0745,183.0745,183.0745,183.0745,0,Vanguard
2017-01-05,184.6708,184.6708,184.6708,184.6708,0,Vanguard
2017-01-04,183.7578,183.7578,183.7578,183.7578,0,Vanguard
2017-01-03,182.7458,182.7458,182.7458,182.7458,0,Vanguard
2016-12-30,184.9468,184.9468,184.9468,184.9468,0,Vanguard
2016-12-29,184.6624,184.6624,184.6624,184.6624,0,Vanguard
2016-12-28,182.5253,182.5253,182.5253,182.5253,0,Vanguard
2016-12-23,180.8763,180.8763,180.8763,180.8763,0,Vanguard
2016-12-22,179.8595,179.8595,179.8595,179.8595,0,Vanguard
2016-12-21,178.9295,178.9295,178.9295,178.9295,0,Vanguard
2016-12-20,177.5194,177.5194,177.5194,177.5194,0,Vanguard
2016-12-19,176.2536,176.2536,176.2536,176.2536,0,Vanguard
2016-12-16,176.2325,176.2325,176.2325,176.2325,0,Vanguard
2016-12-15,175.0623,175.0623,175.0623,175.0623,0,Vanguard
2016-12-14,180.3667,180.3667,180.3667,180.3667,0,Vanguard
2016-12-13,180.2425,180.2425,180.2425,180.2425,0,Vanguard
2016-12-12,179.6391,179.6391,179.6391,179.6391,0,Vanguard
2016-12-09,181.2121,181.2121,181.2121,181.2121,0,Vanguard
2016-12-08,182.4746,182.4746,182.4746,182.4746,0,Vanguard
2016-12-07,181.5753,181.5753,181.5753,181.5753,0,Vanguard
2016-12-06,179.6080,179.6080,179.6080,179.6080,0,Vanguard
2016-12-05,180.2366,180.2366,180.2366,180.2366,0,Vanguard
2016-12-02,180.1670,180.1670,180.1670,180.1670,0,Vanguard
2016-12-01,175.5893,175.5893,175.5893,175.5893,0,Vanguard
2016-11-30,178.2890,178.2890,178.2890,178.2890,0,Vanguard
2016-11-29,179.3738,179.3738,179.3738,179.3738,0,Vanguard
2016-11-28,179.9832,179.9832,179.9832,179.9832,0,Vanguard
2016-11-25,179.9386,179.9386,179.9386,179.9386,0,Vanguard
2016-11-24,181.1617,181.1617,181.1617,181.1617,0,Vanguard
2016-11-23,179.8437,179.8437,179.8437,179.8437,0,Vanguard
2016-11-22,180.6608,180.6608,180.6608,180.6608,0,Vanguard
2016-11-21,179.7793,179.7793,179.7793,179.7793,0,Vanguard
2016-11-18,178.9299,178.9299,178.9299,178.9299,0,Vanguard
2016-11-17,181.9662,181.9662,181.9662,181.9662,0,Vanguard
2016-11-16,182.8703,182.8703,182.8703,182.8703,0,Vanguard
2016-11-15,183.3510,183.3510,183.3510,183.3510,0,Vanguard
2016-11-14,181.2285,181.2285,181.2285,181.2285,0,Vanguard
2016-11-11,183.3954,183.3954,183.3954,183.3954,0,Vanguard
2016-11-10,183.8259,183.8259,183.8259,183.8259,0,Vanguard
2016-11-09,186.3547,186.3547,186.3547,186.3547,0,Vanguard
2016-11-08,186.2934,186.2934,186.2934,186.2934,0,Vanguard
2016-11-07,187.6254,187.6254,187.6254,187.6254,0,Vanguard
2016-11-04,189.7535,189.7535,189.7535,189.7535,0,Vanguard
2016-11-03,188.0396,188.0396,188.0396,188.0396,0,Vanguard
2016-11-02,189.0099,189.0099,189.0099,189.0099,0,Vanguard
2016-11-01,186.9097,186.9097,186.9097,186.9097,0,Vanguard
2016-10-31,188.6931,188.6931,188.6931,188.6931,0,Vanguard
2016-10-28,186.5344,186.5344,186.5344,186.5344,0,Vanguard
2016-10-27,188.5475,188.5475,188.5475,188.5475,0,Vanguard
2016-10-26,190.6408,190.6408,190.6408,190.6408,0,Vanguard
2016-10-25,192.3872,192.3872,192.3872,192.3872,0,Vanguard
2016-10-24,191.7200,191.7200,191.7200,191.7200,0,Vanguard
2016-10-21,190.5434,190.5434,190.5434,190.5434,0,Vanguard
2016-10-20,191.7458,191.7458,191.7458,191.7458,0,Vanguard
2016-10-19,189.6355,189.6355,189.6355,189.6355,0,Vanguard
2016-10-18,188.2511,188.2511,188.2511,188.2511,0,Vanguard
2016-10-17,186.1822,186.1822,186.1822,186.1822,0,Vanguard
2016-10-14,186.2195,186.2195,186.2195,186.2195,0,Vanguard
2016-10-13,188.9982,188.9982,188.9982,188.9982,0,Vanguard
2016-10-12,190.9099,190.9099,190.9099,190.9099,0,Vanguard
2016-10-11,193.5770,193.5770,193.5770,193.5770,0,Vanguard
2016-10-10,192.1669,192.1669,192.1669,192.1669,0,Vanguard
2016-10-07,193.0670,193.0670,193.0670,193.0670,0,Vanguard
2016-10-06,194.8305,194.8305,194.8305,194.8305,0,Vanguard
2016-10-05,193.9140,193.9140,193.9140,193.9140,0,Vanguard
2016-10-04,193.4938,193.4938,193.4938,193.4938,0,Vanguard
2016-10-03,194.0317,194.0317,194.0317,194.0317,0,Vanguard
2016-09-30,189.5791,189.5791,189.5791,189.5791,0,Vanguard
2016-09-29,193.7664,193.7664,193.7664,193.7664,0,Vanguard
2016-09-28,193.5735,193.5735,193.5735,193.5735,0,Vanguard
2016-09-27,192.6289,192.6289,192.6289,192.6289,0,Vanguard
2016-09-26,190.2066,190.2066,190.2066,190.2066,0,Vanguard
2016-09-23,188.1536,188.1536,188.1536,188.1536,0,Vanguard
2016-09-22,188.9886,188.9886,188.9886,188.9886,0,Vanguard
2016-09-21,184.9640,184.9640,184.9640,184.9640,0,Vanguard
2016-09-20,185.7835,185.7835,185.7835,185.7835,0,Vanguard
2016-09-19,184.6535,184.6535,184.6535,184.6535,0,Vanguard
2016-09-16,185.8044,185.8044,185.8044,185.8044,0,Vanguard
2016-09-15,186.0625,186.0625,186.0625,186.0625,0,Vanguard
2016-09-14,185.8850,185.8850,185.8850,185.8850,0,Vanguard
2016-09-13,185.4690,185.4690,185.4690,185.4690,0,Vanguard
2016-09-12,185.9251,185.9251,185.9251,185.9251,0,Vanguard
2016-09-09,185.2850,185.2850,185.2850,185.2850,0,Vanguard
2016-09-08,188.7249,188.7249,188.7249,188.7249,0,Vanguard
2016-09-07,191.7752,191.7752,191.7752,191.7752,0,Vanguard
2016-09-06,190.4227,190.4227,190.4227,190.4227,0,Vanguard
2016-09-05,189.6226,189.6226,189.6226,189.6226,0,Vanguard
2016-09-02,188.2779,188.2779,188.2779,188.2779,0,Vanguard
2016-09-01,191.5423,191.5423,191.5423,191.5423,0,Vanguard
2016-08-31,191.1794,191.1794,191.1794,191.1794,0,Vanguard
2016-08-30,191.6833,191.6833,191.6833,191.6833,0,Vanguard
2016-08-26,191.5423,191.5423,191.5423,191.5423,0,Vanguard
2016-08-25,189.6511,189.6511,189.6511,189.6511,0,Vanguard
2016-08-24,189.1435,189.1435,189.1435,189.1435,0,Vanguard
2016-08-23,188.5698,188.5698,188.5698,188.5698,0,Vanguard
2016-08-22,186.0496,186.0496,186.0496,186.0496,0,Vanguard
2016-08-19,184.8855,184.8855,184.8855,184.8855,0,Vanguard
2016-08-18,186.7136,186.7136,186.7136,186.7136,0,Vanguard
2016-08-17,185.9852,185.9852,185.9852,185.9852,0,Vanguard
2016-08-16,186.4191,186.4191,186.4191,186.4191,0,Vanguard
2016-08-15,186.5382,186.5382,186.5382,186.5382,0,Vanguard
2016-08-12,186.7452,186.7452,186.7452,186.7452,0,Vanguard
2016-08-11,186.1880,186.1880,186.1880,186.1880,0,Vanguard
2016-08-10,183.9325,183.9325,183.9325,183.9325,0,Vanguard
2016-08-09,180.9407,180.9407,180.9407,180.9407,0,Vanguard
2016-08-08,179.2335,179.2335,179.2335,179.2335,0,Vanguard
2016-08-05,177.5727,177.5727,177.5727,177.5727,0,Vanguard
2016-08-04,176.5164,176.5164,176.5164,176.5164,0,Vanguard
2016-08-03,172.7396,172.7396,172.7396,172.7396,0,Vanguard
2016-08-02,171.9420,171.9420,171.9420,171.9420,0,Vanguard
2016-08-01,173.5831,173.5831,173.5831,173.5831,0,Vanguard
2016-07-29,174.7965,174.7965,174.7965,174.7965,0,Vanguard
2016-07-28,172.6864,172.6864,172.6864,172.6864,0,Vanguard
2016-07-27,172.3496,172.3496,172.3496,172.3496,0,Vanguard
2016-07-26,169.8446,169.8446,169.8446,169.8446,0,Vanguard
2016-07-25,171.4938,171.4938,171.4938,171.4938,0,Vanguard
2016-07-22,171.6420,171.6420,171.6420,171.6420,0,Vanguard
2016-07-21,170.8710,170.8710,170.8710,170.8710,0,Vanguard
2016-07-20,170.8328,170.8328,170.8328,170.8328,0,Vanguard
2016-07-19,172.9266,172.9266,172.9266,172.9266,0,Vanguard
2016-07-18,172.3436,172.3436,172.3436,172.3436,0,Vanguard
2016-07-15,172.1452,172.1452,172.1452,172.1452,0,Vanguard
2016-07-14,174.3950,174.3950,174.3950,174.3950,0,Vanguard
2016-07-13,175.4075,175.4075,175.4075,175.4075,0,Vanguard
2016-07-12,173.7720,173.7720,173.7720,173.7720,0,Vanguard
2016-07-11,175.6421,175.6421,175.6421,175.6421,0,Vanguard
2016-07-08,176.7923,176.7923,176.7923,176.7923,0,Vanguard
2016-07-07,176.4362,176.4362,176.4362,176.4362,0,Vanguard
2016-07-06,176.1799,176.1799,176.1799,176.1799,0,Vanguard
2016-07-05,174.7263,174.7263,174.7263,174.7263,0,Vanguard
2016-07-04,173.3874,173.3874,173.3874,173.3874,0,Vanguard
2016-07-01,172.5866,172.5866,172.5866,172.5866,0,Vanguard
2016-06-30,172.3304,172.3304,172.3304,172.3304,0,Vanguard
2016-06-29,171.9354,171.9354,171.9354,171.9354,0,Vanguard
2016-06-28,170.9906,170.9906,170.9906,170.9906,0,Vanguard
2016-06-27,169.5689,169.5689,169.5689,169.5689,0,Vanguard
2016-06-24,166.2756,166.2756,166.2756,166.2756,0,Vanguard
2016-06-23,158.7636,158.7636,158.7636,158.7636,0,Vanguard
2016-06-22,158.6492,158.6492,158.6492,158.6492,0,Vanguard
2016-06-21,159.1922,159.1922,159.1922,159.1922,0,Vanguard
2016-06-20,159.9652,159.9652,159.9652,159.9652,0,Vanguard
2016-06-17,162.0620,162.0620,162.0620,162.0620,0,Vanguard
2016-06-16,163.4872,163.4872,163.4872,163.4872,0,Vanguard
2016-06-15,162.0908,162.0908,162.0908,162.0908,0,Vanguard
2016-06-14,160.5546,160.5546,160.5546,160.5546,0,Vanguard
2016-06-13,158.2094,158.2094,158.2094,158.2094,0,Vanguard
2016-06-10,158.1724,158.1724,158.1724,158.1724,0,Vanguard
2016-06-09,157.7943,157.7943,157.7943,157.7943,0,Vanguard
2016-06-08,158.2310,158.2310,158.2310,158.2310,0,Vanguard
2016-06-07,157.3748,157.3748,157.3748,157.3748,0,Vanguard
2016-06-06,157.7442,157.7442,157.7442,157.7442,0,Vanguard
2016-06-03,157.4854,157.4854,157.4854,157.4854,0,Vanguard
2016-06-02,155.9991,155.9991,155.9991,155.9991,0,Vanguard
2016-06-01,156.1763,156.1763,156.1763,156.1763,0,Vanguard
2016-05-31,155.6328,155.6328,155.6328,155.6328,0,Vanguard
2016-05-27,155.6512,155.6512,155.6512,155.6512,0,Vanguard
2016-05-26,156.5198,156.5198,156.5198,156.5198,0,Vanguard
2016-05-25,155.8940,155.8940,155.8940,155.8940,0,Vanguard
2016-05-24,154.3980,154.3980,154.3980,154.3980,0,Vanguard
2016-05-23,154.3673,154.3673,154.3673,154.3673,0,Vanguard
2016-05-20,153.9509,153.9509,153.9509,153.9509,0,Vanguard
2016-05-19,154.0347,154.0347,154.0347,154.0347,0,Vanguard
2016-05-18,154.3284,154.3284,154.3284,154.3284,0,Vanguard
2016-05-17,154.8180,154.8180,154.8180,154.8180,0,Vanguard
2016-05-16,154.3257,154.3257,154.3257,154.3257,0,Vanguard
2016-05-13,154.6132,154.6132,154.6132,154.6132,0,Vanguard
2016-05-12,154.0626,154.0626,154.0626,154.0626,0,Vanguard
2016-05-11,154.4108,154.4108,154.4108,154.4108,0,Vanguard
2016-05-10,154.1699,154.1699,154.1699,154.1699,0,Vanguard
2016-05-09,153.9404,153.9404,153.9404,153.9404,0,Vanguard
2016-05-06,154.7785,154.7785,154.7785,154.7785,0,Vanguard
2016-05-05,153.7432,153.7432,153.7432,153.7432,0,Vanguard
2016-05-04,153.2118,153.2118,153.2118,153.2118,0,Vanguard
2016-05-03,154.1606,154.1606,154.1606,154.1606,0,Vanguard
2016-04-29,152.7975,152.7975,152.7975,152.7975,0,Vanguard
2016-04-28,151.9028,151.9028,151.9028,151.9028,0,Vanguard
2016-04-27,151.5092,151.5092,151.5092,151.5092,0,Vanguard
2016-04-26,151.0571,151.0571,151.0571,151.0571,0,Vanguard
2016-04-25,152.8490,152.8490,152.8490,152.8490,0,Vanguard
2016-04-22,153.0062,153.0062,153.0062,153.0062,0,Vanguard
2016-04-21,153.1998,153.1998,153.1998,153.1998,0,Vanguard
2016-04-20,154.9087,154.9087,154.9087,154.9087,0,Vanguard
2016-04-19,153.7984,153.7984,153.7984,153.7984,0,Vanguard
2016-04-18,154.2835,154.2835,154.2835,154.2835,0,Vanguard
2016-04-15,155.8052,155.8052,155.8052,155.8052,0,Vanguard
2016-04-14,155.6761,155.6761,155.6761,155.6761,0,Vanguard
2016-04-13,156.4764,156.4764,156.4764,156.4764,0,Vanguard
2016-04-12,154.9931,154.9931,154.9931,154.9931,0,Vanguard
2016-04-11,155.9617,155.9617,155.9617,155.9617,0,Vanguard
2016-04-08,156.6486,156.6486,156.6486,156.6486,0,Vanguard
2016-04-07,157.7177,157.7177,157.7177,157.7177,0,Vanguard
2016-04-06,156.6206,156.6206,156.6206,156.6206,0,Vanguard
2016-04-05,156.6693,156.6693,156.6693,156.6693,0,Vanguard
2016-04-04,156.5138,156.5138,156.5138,156.5138,0,Vanguard
2016-04-01,155.8163,155.8163,155.8163,155.8163,0,Vanguard
2016-03-31,156.3519,156.3519,156.3519,156.3519,0,Vanguard
2016-03-30,155.1058,155.1058,155.1058,155.1058,0,Vanguard
2016-03-29,155.3984,155.3984,155.3984,155.3984,0,Vanguard
2016-03-24,155.7043,155.7043,155.7043,155.7043,0,Vanguard
2016-03-23,157.3793,157.3793,157.3793,157.3793,0,Vanguard
2016-03-22,157.1695,157.1695,157.1695,157.1695,0,Vanguard
2016-03-21,156.4052,156.4052,156.4052,156.4052,0,Vanguard
2016-03-18,157.5286,157.5286,157.5286,157.5286,0,Vanguard
2016-03-17,157.3890,157.3890,157.3890,157.3890,0,Vanguard
2016-03-16,155.8032,155.8032,155.8032,155.8032,0,Vanguard
2016-03-15,156.3206,156.3206,156.3206,156.3206,0,Vanguard
2016-03-14,156.7473,156.7473,156.7473,156.7473,0,Vanguard
2016-03-11,156.4127,156.4127,156.4127,156.4127,0,Vanguard
2016-03-10,157.0158,157.0158,157.0158,157.0158,0,Vanguard
2016-03-09,156.2756,156.2756,156.2756,156.2756,0,Vanguard
2016-03-08,157.6706,157.6706,157.6706,157.6706,0,Vanguard
2016-03-07,154.7524,154.7524,154.7524,154.7524,0,Vanguard
2016-03-04,155.0100,155.0100,155.0100,155.0100,0,Vanguard
2016-03-03,154.3105,154.3105,154.3105,154.3105,0,Vanguard
2016-03-02,153.9206,153.9206,153.9206,153.9206,0,Vanguard
2016-03-01,154.2388,154.2388,154.2388,154.2388,0,Vanguard
2016-02-29,154.8475,154.8475,154.8475,154.8475,0,Vanguard
2016-02-26,153.2107,153.2107,153.2107,153.2107,0,Vanguard
2016-02-25,152.9998,152.9998,152.9998,152.9998,0,Vanguard
2016-02-24,153.9126,153.9126,153.9126,153.9126,0,Vanguard
2016-02-23,153.4812,153.4812,153.4812,153.4812,0,Vanguard
2016-02-22,153.6067,153.6067,153.6067,153.6067,0,Vanguard
2016-02-19,153.4811,153.4811,153.4811,153.4811,0,Vanguard
2016-02-18,153.8258,153.8258,153.8258,153.8258,0,Vanguard
2016-02-17,154.5839,154.5839,154.5839,154.5839,0,Vanguard
2016-02-16,155.9095,155.9095,155.9095,155.9095,0,Vanguard
2016-02-15,156.4185,156.4185,156.4185,156.4185,0,Vanguard
2016-02-12,156.2083,156.2083,156.2083,156.2083,0,Vanguard
2016-02-11,158.5912,158.5912,158.5912,158.5912,0,Vanguard
2016-02-10,156.1572,156.1572,156.1572,156.1572,0,Vanguard
2016-02-09,156.3786,156.3786,156.3786,156.3786,0,Vanguard
2016-02-08,157.6305,157.6305,157.6305,157.6305,0,Vanguard
2016-02-05,155.3368,155.3368,155.3368,155.3368,0,Vanguard
2016-02-04,154.9913,154.9913,154.9913,154.9913,0,Vanguard
2016-02-03,155.4289,155.4289,155.4289,155.4289,0,Vanguard
2016-02-02,154.3049,154.3049,154.3049,154.3049,0,Vanguard
2016-02-01,153.2855,153.2855,153.2855,153.2855,0,Vanguard
2016-01-29,154.9975,154.9975,154.9975,154.9975,0,Vanguard
2016-01-28,154.0282,154.0282,154.0282,154.0282,0,Vanguard
2016-01-27,153.6591,153.6591,153.6591,153.6591,0,Vanguard
2016-01-26,153.3372,153.3372,153.3372,153.3372,0,Vanguard
2016-01-25,153.3418,153.3418,153.3418,153.3418,0,Vanguard
2016-01-22,152.3978,152.3978,152.3978,152.3978,0,Vanguard
2016-01-21,152.1182,152.1182,152.1182,152.1182,0,Vanguard
2016-01-20,152.5889,152.5889,152.5889,152.5889,0,Vanguard
2016-01-19,151.1487,151.1487,151.1487,151.1487,0,Vanguard
2016-01-18,151.8447,151.8447,151.8447,151.8447,0,Vanguard
2016-01-15,152.2905,152.2905,152.2905,152.2905,0,Vanguard
2016-01-14,151.2995,151.2995,151.2995,151.2995,0,Vanguard
2016-01-13,152.0069,152.0069,152.0069,152.0069,0,Vanguard
2016-01-12,151.6797,151.6797,151.6797,151.6797,0,Vanguard
2016-01-11,151.0409,151.0409,151.0409,151.0409,0,Vanguard
2016-01-08,150.4461,150.4461,150.4461,150.4461,0,Vanguard
2016-01-07,150.4803,150.4803,150.4803,150.4803,0,Vanguard
2016-01-06,150.3356,150.3356,150.3356,150.3356,0,Vanguard
2016-01-05,149.0716,149.0716,149.0716,149.0716,0,Vanguard
2016-01-04,148.7703,148.7703,148.7703,148.7703,0,Vanguard
2015-12-31,147.7084,147.7084,147.7084,147.7084,0,Vanguard
2015-12-30,146.5422,146.5422,146.5422,146.5422,0,Vanguard
2015-12-29,148.5607,148.5607,148.5607,148.5607,0,Vanguard
2015-12-24,149.1550,149.1550,149.1550,149.1550,0,Vanguard
2015-12-23,148.6529,148.6529,148.6529,148.6529,0,Vanguard
2015-12-22,150.2113,150.2113,150.2113,150.2113,0,Vanguard
2015-12-21,151.9196,151.9196,151.9196,151.9196,0,Vanguard
2015-12-18,151.5507,151.5507,151.5507,151.5507,0,Vanguard
2015-12-17,150.9755,150.9755,150.9755,150.9755,0,Vanguard
2015-12-16,149.5811,149.5811,149.5811,149.5811,0,Vanguard
2015-12-15,149.7320,149.7320,149.7320,149.7320,0,Vanguard
2015-12-14,151.2946,151.2946,151.2946,151.2946,0,Vanguard
2015-12-11,151.4318,151.4318,151.4318,151.4318,0,Vanguard
2015-12-10,150.8468,150.8468,150.8468,150.8468,0,Vanguard
2015-12-09,150.9944,150.9944,150.9944,150.9944,0,Vanguard
2015-12-08,152.2267,152.2267,152.2267,152.2267,0,Vanguard
2015-12-07,152.6781,152.6781,152.6781,152.6781,0,Vanguard
2015-12-04,150.8950,150.8950,150.8950,150.8950,0,Vanguard
2015-12-03,152.1164,152.1164,152.1164,152.1164,0,Vanguard
2015-12-02,154.4461,154.4461,154.4461,154.4461,0,Vanguard
2015-12-01,153.9920,153.9920,153.9920,153.9920,0,Vanguard
2015-11-30,152.4393,152.4393,152.4393,152.4393,0,Vanguard
2015-11-27,152.7656,152.7656,152.7656,152.7656,0,Vanguard
2015-11-26,152.4671,152.4671,152.4671,152.4671,0,Vanguard
2015-11-25,150.8928,150.8928,150.8928,150.8928,0,Vanguard
2015-11-24,151.1824,151.1824,151.1824,151.1824,0,Vanguard
2015-11-23,150.7003,150.7003,150.7003,150.7003,0,Vanguard
2015-11-20,150.9603,150.9603,150.9603,150.9603,0,Vanguard
2015-11-19,150.1212,150.1212,150.1212,150.1212,0,Vanguard
2015-11-18,149.9719,149.9719,149.9719,149.9719,0,Vanguard
2015-11-17,149.4661,149.4661,149.4661,149.4661,0,Vanguard
2015-11-16,150.1641,150.1641,150.1641,150.1641,0,Vanguard
2015-11-13,149.9438,149.9438,149.9438,149.9438,0,Vanguard
2015-11-12,149.8138,149.8138,149.8138,149.8138,0,Vanguard
2015-11-11,149.2336,149.2336,149.2336,149.2336,0,Vanguard
2015-11-10,149.3659,149.3659,149.3659,149.3659,0,Vanguard
2015-11-09,147.4280,147.4280,147.4280,147.4280,0,Vanguard
2015-11-06,147.3989,147.3989,147.3989,147.3989,0,Vanguard
2015-11-05,148.8377,148.8377,148.8377,148.8377,0,Vanguard
2015-11-04,148.0774,148.0774,148.0774,148.0774,0,Vanguard
2015-11-03,148.4000,148.4000,148.4000,148.4000,0,Vanguard
2015-11-02,149.9530,149.9530,149.9530,149.9530,0,Vanguard
2015-10-30,150.8874,150.8874,150.8874,150.8874,0,Vanguard
2015-10-29,150.1336,150.1336,150.1336,150.1336,0,Vanguard
2015-10-28,152.1227,152.1227,152.1227,152.1227,0,Vanguard
2015-10-27,152.6181,152.6181,152.6181,152.6181,0,Vanguard
2015-10-26,151.5691,151.5691,151.5691,151.5691,0,Vanguard
2015-10-23,150.6128,150.6128,150.6128,150.6128,0,Vanguard
2015-10-22,151.3269,151.3269,151.3269,151.3269,0,Vanguard
2015-10-21,150.7875,150.7875,150.7875,150.7875,0,Vanguard
2015-10-20,149.5912,149.5912,149.5912,149.5912,0,Vanguard
2015-10-19,149.8136,149.8136,149.8136,149.8136,0,Vanguard
2015-10-16,150.7864,150.7864,150.7864,150.7864,0,Vanguard
2015-10-15,151.0893,151.0893,151.0893,151.0893,0,Vanguard
2015-10-14,151.1236,151.1236,151.1236,151.1236,0,Vanguard
2015-10-13,150.2014,150.2014,150.2014,150.2014,0,Vanguard
2015-10-12,151.7673,151.7673,151.7673,151.7673,0,Vanguard
2015-10-09,151.1521,151.1521,151.1521,151.1521,0,Vanguard
2015-10-08,152.2390,152.2390,152.2390,152.2390,0,Vanguard
2015-10-07,152.7958,152.7958,152.7958,152.7958,0,Vanguard
2015-10-06,153.2904,153.2904,153.2904,153.2904,0,Vanguard
2015-10-05,153.3924,153.3924,153.3924,153.3924,0,Vanguard
2015-10-02,155.1601,155.1601,155.1601,155.1601,0,Vanguard
2015-10-01,154.1806,154.1806,154.1806,154.1806,0,Vanguard
2015-09-30,152.3090,152.3090,152.3090,152.3090,0,Vanguard
2015-09-29,152.6336,152.6336,152.6336,152.6336,0,Vanguard
2015-09-28,152.0807,152.0807,152.0807,152.0807,0,Vanguard
2015-09-25,151.3463,151.3463,151.3463,151.3463,0,Vanguard
2015-09-24,153.4539,153.4539,153.4539,153.4539,0,Vanguard
2015-09-23,152.2973,152.2973,152.2973,152.2973,0,Vanguard
2015-09-22,152.3109,152.3109,152.3109,152.3109,0,Vanguard
2015-09-21,151.8693,151.8693,151.8693,151.8693,0,Vanguard
2015-09-18,153.8360,153.8360,153.8360,153.8360,0,Vanguard
2015-09-17,152.8947,152.8947,152.8947,152.8947,0,Vanguard
2015-09-16,152.9505,152.9505,152.9505,152.9505,0,Vanguard
2015-09-15,153.4031,153.4031,153.4031,153.4031,0,Vanguard
2015-09-14,154.0057,154.0057,154.0057,154.0057,0,Vanguard
2015-09-11,155.3995,155.3995,155.3995,155.3995,0,Vanguard
2015-09-10,154.9147,154.9147,154.9147,154.9147,0,Vanguard
2015-09-09,154.6080,154.6080,154.6080,154.6080,0,Vanguard
2015-09-08,155.4118,155.4118,155.4118,155.4118,0,Vanguard
2015-09-07,156.0597,156.0597,156.0597,156.0597,0,Vanguard
2015-09-04,155.7087,155.7087,155.7087,155.7087,0,Vanguard
2015-09-03,153.6453,153.6453,153.6453,153.6453,0,Vanguard
2015-09-02,152.3593,152.3593,152.3593,152.3593,0,Vanguard
2015-09-01,152.8240,152.8240,152.8240,152.8240,0,Vanguard
2015-08-28,152.5211,152.5211,152.5211,152.5211,0,Vanguard
2015-08-27,152.3913,152.3913,152.3913,152.3913,0,Vanguard
2015-08-26,152.3382,152.3382,152.3382,152.3382,0,Vanguard
2015-08-25,154.0696,154.0696,154.0696,154.0696,0,Vanguard
2015-08-24,156.4805,156.4805,156.4805,156.4805,0,Vanguard
2015-08-21,156.3079,156.3079,156.3079,156.3079,0,Vanguard
2015-08-20,155.3061,155.3061,155.3061,155.3061,0,Vanguard
2015-08-19,154.2698,154.2698,154.2698,154.2698,0,Vanguard
2015-08-18,154.2776,154.2776,154.2776,154.2776,0,Vanguard
2015-08-17,155.0982,155.0982,155.0982,155.0982,0,Vanguard
2015-08-14,154.8939,154.8939,154.8939,154.8939,0,Vanguard
2015-08-13,155.7296,155.7296,155.7296,155.7296,0,Vanguard
2015-08-12,156.5719,156.5719,156.5719,156.5719,0,Vanguard
2015-08-11,155.4878,155.4878,155.4878,155.4878,0,Vanguard
2015-08-10,153.6577,153.6577,153.6577,153.6577,0,Vanguard
2015-08-07,155.1479,155.1479,155.1479,155.1479,0,Vanguard
2015-08-06,154.0318,154.0318,154.0318,154.0318,0,Vanguard
2015-08-05,153.1596,153.1596,153.1596,153.1596,0,Vanguard
2015-08-04,154.1998,154.1998,154.1998,154.1998,0,Vanguard
2015-08-03,154.3349,154.3349,154.3349,154.3349,0,Vanguard
2015-07-31,153.4476,153.4476,153.4476,153.4476,0,Vanguard
2015-07-30,152.1433,152.1433,152.1433,152.1433,0,Vanguard
2015-07-29,151.1870,151.1870,151.1870,151.1870,0,Vanguard
2015-07-28,151.7023,151.7023,151.7023,151.7023,0,Vanguard
2015-07-27,151.8029,151.8029,151.8029,151.8029,0,Vanguard
2015-07-24,151.5382,151.5382,151.5382,151.5382,0,Vanguard
2015-07-23,150.1494,150.1494,150.1494,150.1494,0,Vanguard
2015-07-22,149.8460,149.8460,149.8460,149.8460,0,Vanguard
2015-07-21,148.2520,148.2520,148.2520,148.2520,0,Vanguard
2015-07-20,148.8898,148.8898,148.8898,148.8898,0,Vanguard
2015-07-17,148.7476,148.7476,148.7476,148.7476,0,Vanguard
2015-07-16,148.3868,148.3868,148.3868,148.3868,0,Vanguard
2015-07-15,147.0829,147.0829,147.0829,147.0829,0,Vanguard
2015-07-14,147.0306,147.0306,147.0306,147.0306,0,Vanguard
2015-07-13,147.1494,147.1494,147.1494,147.1494,0,Vanguard
2015-07-10,148.3961,148.3961,148.3961,148.3961,0,Vanguard
2015-07-09,151.2438,151.2438,151.2438,151.2438,0,Vanguard
2015-07-08,152.2274,152.2274,152.2274,152.2274,0,Vanguard
2015-07-07,152.7671,152.7671,152.7671,152.7671,0,Vanguard
2015-07-06,149.3552,149.3552,149.3552,149.3552,0,Vanguard
2015-07-03,150.0116,150.0116,150.0116,150.0116,0,Vanguard
2015-07-02,148.6266,148.6266,148.6266,148.6266,0,Vanguard
2015-07-01,148.2392,148.2392,148.2392,148.2392,0,Vanguard
2015-06-30,149.5300,149.5300,149.5300,149.5300,0,Vanguard
2015-06-29,148.1175,148.1175,148.1175,148.1175,0,Vanguard
2015-06-26,146.4179,146.4179,146.4179,146.4179,0,Vanguard
2015-06-25,146.4867,146.4867,146.4867,146.4867,0,Vanguard
2015-06-24,146.6386,146.6386,146.6386,146.6386,0,Vanguard
2015-06-23,147.2759,147.2759,147.2759,147.2759,0,Vanguard
2015-06-22,146.8776,146.8776,146.8776,146.8776,0,Vanguard
2015-06-19,148.7474,148.7474,148.7474,148.7474,0,Vanguard
2015-06-18,149.1409,149.1409,149.1409,149.1409,0,Vanguard
2015-06-17,148.7542,148.7542,148.7542,148.7542,0,Vanguard
2015-06-16,149.0444,149.0444,149.0444,149.0444,0,Vanguard
2015-06-15,149.0983,149.0983,149.0983,149.0983,0,Vanguard
2015-06-12,149.6388,149.6388,149.6388,149.6388,0,Vanguard
2015-06-11,147.4842,147.4842,147.4842,147.4842,0,Vanguard
2015-06-10,146.8540,146.8540,146.8540,146.8540,0,Vanguard
2015-06-09,148.1830,148.1830,148.1830,148.1830,0,Vanguard
2015-06-08,149.5780,149.5780,149.5780,149.5780,0,Vanguard
2015-06-05,149.3176,149.3176,149.3176,149.3176,0,Vanguard
2015-06-04,149.3532,149.3532,149.3532,149.3532,0,Vanguard
2015-06-03,148.1394,148.1394,148.1394,148.1394,0,Vanguard
2015-06-02,151.5326,151.5326,151.5326,151.5326,0,Vanguard
2015-06-01,152.8732,152.8732,152.8732,152.8732,0,Vanguard
2015-05-29,153.3700,153.3700,153.3700,153.3700,0,Vanguard
2015-05-28,151.9811,151.9811,151.9811,151.9811,0,Vanguard
2015-05-27,151.0812,151.0812,151.0812,151.0812,0,Vanguard
2015-05-26,150.7412,150.7412,150.7412,150.7412,0,Vanguard
2015-05-22,150.7231,150.7231,150.7231,150.7231,0,Vanguard
2015-05-21,150.4399,150.4399,150.4399,150.4399,0,Vanguard
2015-05-20,150.5799,150.5799,150.5799,150.5799,0,Vanguard
2015-05-19,151.2556,151.2556,151.2556,151.2556,0,Vanguard
2015-05-18,151.1688,151.1688,151.1688,151.1688,0,Vanguard
2015-05-15,151.6327,151.6327,151.6327,151.6327,0,Vanguard
2015-05-14,148.8002,148.8002,148.8002,148.8002,0,Vanguard
2015-05-13,151.2569,151.2569,151.2569,151.2569,0,Vanguard
2015-05-12,151.8239,151.8239,151.8239,151.8239,0,Vanguard
2015-05-11,154.3044,154.3044,154.3044,154.3044,0,Vanguard
2015-05-08,153.8097,153.8097,153.8097,153.8097,0,Vanguard
2015-05-07,151.0810,151.0810,151.0810,151.0810,0,Vanguard
2015-05-06,150.1360,150.1360,150.1360,150.1360,0,Vanguard
2015-05-05,149.3192,149.3192,149.3192,149.3192,0,Vanguard
2015-05-01,152.2181,152.2181,152.2181,152.2181,0,Vanguard
2015-04-30,152.7688,152.7688,152.7688,152.7688,0,Vanguard
2015-04-29,151.0511,151.0511,151.0511,151.0511,0,Vanguard
2015-04-28,153.9870,153.9870,153.9870,153.9870,0,Vanguard
2015-04-27,154.4916,154.4916,154.4916,154.4916,0,Vanguard
2015-04-24,155.2635,155.2635,155.2635,155.2635,0,Vanguard
2015-04-23,153.7367,153.7367,153.7367,153.7367,0,Vanguard
2015-04-22,153.5893,153.5893,153.5893,153.5893,0,Vanguard
2015-04-21,155.3588,155.3588,155.3588,155.3588,0,Vanguard
2015-04-20,155.5688,155.5688,155.5688,155.5688,0,Vanguard
2015-04-17,155.7400,155.7400,155.7400,155.7400,0,Vanguard
2015-04-16,155.6168,155.6168,155.6168,155.6168,0,Vanguard
2015-04-15,156.4187,156.4187,156.4187,156.4187,0,Vanguard
2015-04-14,156.6463,156.6463,156.6463,156.6463,0,Vanguard
2015-04-13,155.5535,155.5535,155.5535,155.5535,0,Vanguard
2015-04-10,155.4067,155.4067,155.4067,155.4067,0,Vanguard
2015-04-09,155.1015,155.1015,155.1015,155.1015,0,Vanguard
2015-04-08,155.1824,155.1824,155.1824,155.1824,0,Vanguard
2015-04-07,154.7218,154.7218,154.7218,154.7218,0,Vanguard
2015-04-02,154.6663,154.6663,154.6663,154.6663,0,Vanguard
2015-04-01,154.8575,154.8575,154.8575,154.8575,0,Vanguard
2015-03-31,153.8063,153.8063,153.8063,153.8063,0,Vanguard
2015-03-30,155.3692,155.3692,155.3692,155.3692,0,Vanguard
2015-03-27,156.5813,156.5813,156.5813,156.5813,0,Vanguard
2015-03-26,155.5177,155.5177,155.5177,155.5177,0,Vanguard
2015-03-25,156.2706,156.2706,156.2706,156.2706,0,Vanguard
2015-03-24,155.7736,155.7736,155.7736,155.7736,0,Vanguard
2015-03-23,154.9090,154.9090,154.9090,154.9090,0,Vanguard
2015-03-20,155.5919,155.5919,155.5919,155.5919,0,Vanguard
2015-03-19,154.3076,154.3076,154.3076,154.3076,0,Vanguard
2015-03-18,151.4782,151.4782,151.4782,151.4782,0,Vanguard
2015-03-17,147.8559,147.8559,147.8559,147.8559,0,Vanguard
2015-03-16,146.1904,146.1904,146.1904,146.1904,0,Vanguard
2015-03-13,145.7778,145.7778,145.7778,145.7778,0,Vanguard
2015-03-12,145.9592,145.9592,145.9592,145.9592,0,Vanguard
2015-03-11,144.5686,144.5686,144.5686,144.5686,0,Vanguard
2015-03-10,144.5699,144.5699,144.5699,144.5699,0,Vanguard
2015-03-09,142.3068,142.3068,142.3068,142.3068,0,Vanguard
2015-03-06,142.5492,142.5492,142.5492,142.5492,0,Vanguard
2015-03-05,143.1504,143.1504,143.1504,143.1504,0,Vanguard
2015-03-04,143.4528,143.4528,143.4528,143.4528,0,Vanguard
2015-03-03,145.1934,145.1934,145.1934,145.1934,0,Vanguard
2015-03-02,147.3371,147.3371,147.3371,147.3371,0,Vanguard
2015-02-27,148.2667,148.2667,148.2667,148.2667,0,Vanguard
2015-02-26,149.2096,149.2096,149.2096,149.2096,0,Vanguard
2015-02-25,149.3148,149.3148,149.3148,149.3148,0,Vanguard
2015-02-24,148.5797,148.5797,148.5797,148.5797,0,Vanguard
2015-02-23,147.7722,147.7722,147.7722,147.7722,0,Vanguard
2015-02-20,148.2322,148.2322,148.2322,148.2322,0,Vanguard
2015-02-19,146.8384,146.8384,146.8384,146.8384,0,Vanguard
2015-02-18,146.2112,146.2112,146.2112,146.2112,0,Vanguard
2015-02-17,147.0989,147.0989,147.0989,147.0989,0,Vanguard
2015-02-16,147.3789,147.3789,147.3789,147.3789,0,Vanguard
2015-02-13,147.2991,147.2991,147.2991,147.2991,0,Vanguard
2015-02-12,147.6670,147.6670,147.6670,147.6670,0,Vanguard
2015-02-11,147.8076,147.8076,147.8076,147.8076,0,Vanguard
2015-02-10,148.0148,148.0148,148.0148,148.0148,0,Vanguard
2015-02-09,149.6256,149.6256,149.6256,149.6256,0,Vanguard
2015-02-06,149.7139,149.7139,149.7139,149.7139,0,Vanguard
2015-02-05,152.3131,152.3131,152.3131,152.3131,0,Vanguard
2015-02-04,153.1467,153.1467,153.1467,153.1467,0,Vanguard
2015-02-03,154.3463,154.3463,154.3463,154.3463,0,Vanguard
2015-02-02,156.0538,156.0538,156.0538,156.0538,0,Vanguard
2015-01-30,156.0671,156.0671,156.0671,156.0671,0,Vanguard
2015-01-29,155.2224,155.2224,155.2224,155.2224,0,Vanguard
2015-01-28,155.4582,155.4582,155.4582,155.4582,0,Vanguard
2015-01-27,156.0034,156.0034,156.0034,156.0034,0,Vanguard
2015-01-26,156.7693,156.7693,156.7693,156.7693,0,Vanguard
2015-01-23,157.5575,157.5575,157.5575,157.5575,0,Vanguard
2015-01-22,156.8153,156.8153,156.8153,156.8153,0,Vanguard
2015-01-21,157.7228,157.7228,157.7228,157.7228,0,Vanguard
2015-01-20,157.5735,157.5735,157.5735,157.5735,0,Vanguard
2015-01-19,156.4685,156.4685,156.4685,156.4685,0,Vanguard
2015-01-16,155.1163,155.1163,155.1163,155.1163,0,Vanguard
2015-01-15,155.1549,155.1549,155.1549,155.1549,0,Vanguard
2015-01-14,154.9192,154.9192,154.9192,154.9192,0,Vanguard
2015-01-13,153.4894,153.4894,153.4894,153.4894,0,Vanguard
2015-01-12,153.1068,153.1068,153.1068,153.1068,0,Vanguard
2015-01-09,153.1943,153.1943,153.1943,153.1943,0,Vanguard
2015-01-08,151.4757,151.4757,151.4757,151.4757,0,Vanguard
2015-01-07,151.2366,151.2366,151.2366,151.2366,0,Vanguard
2015-01-06,151.8045,151.8045,151.8045,151.8045,0,Vanguard
2015-01-05,150.8644,150.8644,150.8644,150.8644,0,Vanguard
2015-01-02,149.3933,149.3933,149.3933,149.3933,0,Vanguard
2014-12-31,149.5034,149.5034,149.5034,149.5034,0,Vanguard
2014-12-30,148.9349,148.9349,148.9349,148.9349,0,Vanguard
2014-12-29,149.3090,149.3090,149.3090,149.3090,0,Vanguard
2014-12-24,147.6403,147.6403,147.6403,147.6403,0,Vanguard
2014-12-23,148.3056,148.3056,148.3056,148.3056,0,Vanguard
2014-12-22,148.8397,148.8397,148.8397,148.8397,0,Vanguard
2014-12-19,148.4404,148.4404,148.4404,148.4404,0,Vanguard
2014-12-18,148.7318,148.7318,148.7318,148.7318,0,Vanguard
2014-12-17,150.7894,150.7894,150.7894,150.7894,0,Vanguard
2014-12-16,150.6392,150.6392,150.6392,150.6392,0,Vanguard
2014-12-15,151.0272,151.0272,151.0272,151.0272,0,Vanguard
2014-12-12,151.6085,151.6085,151.6085,151.6085,0,Vanguard
2014-12-11,150.3231,150.3231,150.3231,150.3231,0,Vanguard
2014-12-10,149.6375,149.6375,149.6375,149.6375,0,Vanguard
2014-12-09,149.9316,149.9316,149.9316,149.9316,0,Vanguard
2014-12-08,148.7527,148.7527,148.7527,148.7527,0,Vanguard
2014-12-05,148.2885,148.2885,148.2885,148.2885,0,Vanguard
2014-12-04,148.7239,148.7239,148.7239,148.7239,0,Vanguard
2014-12-03,147.8472,147.8472,147.8472,147.8472,0,Vanguard
2014-12-02,147.1673,147.1673,147.1673,147.1673,0,Vanguard
2014-12-01,147.8401,147.8401,147.8401,147.8401,0,Vanguard
2014-11-28,147.5019,147.5019,147.5019,147.5019,0,Vanguard
2014-11-27,147.5205,147.5205,147.5205,147.5205,0,Vanguard
2014-11-26,146.9111,146.9111,146.9111,146.9111,0,Vanguard
2014-11-25,145.8636,145.8636,145.8636,145.8636,0,Vanguard
2014-11-24,144.7224,144.7224,144.7224,144.7224,0,Vanguard
2014-11-21,144.2092,144.2092,144.2092,144.2092,0,Vanguard
2014-11-20,143.3125,143.3125,143.3125,143.3125,0,Vanguard
2014-11-19,142.8533,142.8533,142.8533,142.8533,0,Vanguard
2014-11-18,143.0058,143.0058,143.0058,143.0058,0,Vanguard
2014-11-17,143.1829,143.1829,143.1829,143.1829,0,Vanguard
2014-11-14,143.1578,143.1578,143.1578,143.1578,0,Vanguard
2014-11-13,142.6272,142.6272,142.6272,142.6272,0,Vanguard
2014-11-12,142.3939,142.3939,142.3939,142.3939,0,Vanguard
2014-11-11,142.0331,142.0331,142.0331,142.0331,0,Vanguard
2014-11-10,142.4530,142.4530,142.4530,142.4530,0,Vanguard
2014-11-07,141.8992,141.8992,141.8992,141.8992,0,Vanguard
2014-11-06,141.0443,141.0443,141.0443,141.0443,0,Vanguard
2014-11-05,140.8348,140.8348,140.8348,140.8348,0,Vanguard
2014-11-04,141.1566,141.1566,141.1566,141.1566,0,Vanguard
2014-11-03,140.2727,140.2727,140.2727,140.2727,0,Vanguard
2014-10-31,140.5845,140.5845,140.5845,140.5845,0,Vanguard
2014-10-30,141.0944,141.0944,141.0944,141.0944,0,Vanguard
2014-10-29,140.9834,140.9834,140.9834,140.9834,0,Vanguard
2014-10-28,141.1734,141.1734,141.1734,141.1734,0,Vanguard
2014-10-27,141.1635,141.1635,141.1635,141.1635,0,Vanguard
2014-10-24,141.1239,141.1239,141.1239,141.1239,0,Vanguard
2014-10-23,141.6310,141.6310,141.6310,141.6310,0,Vanguard
2014-10-22,142.5065,142.5065,142.5065,142.5065,0,Vanguard
2014-10-21,142.5340,142.5340,142.5340,142.5340,0,Vanguard
2014-10-20,142.7794,142.7794,142.7794,142.7794,0,Vanguard
2014-10-17,142.0027,142.0027,142.0027,142.0027,0,Vanguard
2014-10-16,143.2458,143.2458,143.2458,143.2458,0,Vanguard
2014-10-15,144.1004,144.1004,144.1004,144.1004,0,Vanguard
2014-10-14,141.7980,141.7980,141.7980,141.7980,0,Vanguard
2014-10-13,141.4719,141.4719,141.4719,141.4719,0,Vanguard
2014-10-10,140.7808,140.7808,140.7808,140.7808,0,Vanguard
2014-10-09,140.2631,140.2631,140.2631,140.2631,0,Vanguard
2014-10-08,140.3107,140.3107,140.3107,140.3107,0,Vanguard
2014-10-07,140.2162,140.2162,140.2162,140.2162,0,Vanguard
2014-10-06,139.2422,139.2422,139.2422,139.2422,0,Vanguard
2014-10-03,138.7302,138.7302,138.7302,138.7302,0,Vanguard
2014-10-02,138.9922,138.9922,138.9922,138.9922,0,Vanguard
2014-10-01,138.7230,138.7230,138.7230,138.7230,0,Vanguard
2014-09-30,138.1224,138.1224,138.1224,138.1224,0,Vanguard
2014-09-29,137.6995,137.6995,137.6995,137.6995,0,Vanguard
2014-09-26,137.2409,137.2409,137.2409,137.2409,0,Vanguard
2014-09-25,137.2773,137.2773,137.2773,137.2773,0,Vanguard
2014-09-24,137.1759,137.1759,137.1759,137.1759,0,Vanguard
2014-09-23,137.1119,137.1119,137.1119,137.1119,0,Vanguard
2014-09-22,136.8299,136.8299,136.8299,136.8299,0,Vanguard
2014-09-19,136.1128,136.1128,136.1128,136.1128,0,Vanguard
2014-09-18,134.2967,134.2967,134.2967,134.2967,0,Vanguard
2014-09-17,135.0209,135.0209,135.0209,135.0209,0,Vanguard
2014-09-16,134.9110,134.9110,134.9110,134.9110,0,Vanguard
2014-09-15,134.7562,134.7562,134.7562,134.7562,0,Vanguard
2014-09-12,134.9376,134.9376,134.9376,134.9376,0,Vanguard
2014-09-11,135.4295,135.4295,135.4295,135.4295,0,Vanguard
2014-09-10,135.3779,135.3779,135.3779,135.3779,0,Vanguard
2014-09-09,136.1720,136.1720,136.1720,136.1720,0,Vanguard
2014-09-08,137.2206,137.2206,137.2206,137.2206,0,Vanguard
2014-09-05,137.7813,137.7813,137.7813,137.7813,0,Vanguard
2014-09-04,137.8974,137.8974,137.8974,137.8974,0,Vanguard
2014-09-03,138.7290,138.7290,138.7290,138.7290,0,Vanguard
2014-09-02,139.2167,139.2167,139.2167,139.2167,0,Vanguard
2014-09-01,139.6925,139.6925,139.6925,139.6925,0,Vanguard
2014-08-29,139.4482,139.4482,139.4482,139.4482,0,Vanguard
2014-08-28,138.5987,138.5987,138.5987,138.5987,0,Vanguard
2014-08-27,138.0201,138.0201,138.0201,138.0201,0,Vanguard
2014-08-26,137.4095,137.4095,137.4095,137.4095,0,Vanguard
2014-08-22,136.7947,136.7947,136.7947,136.7947,0,Vanguard
2014-08-21,137.0896,137.0896,137.0896,137.0896,0,Vanguard
2014-08-20,136.9935,136.9935,136.9935,136.9935,0,Vanguard
2014-08-19,137.0649,137.0649,137.0649,137.0649,0,Vanguard
2014-08-18,136.6208,136.6208,136.6208,136.6208,0,Vanguard
2014-08-15,137.5975,137.5975,137.5975,137.5975,0,Vanguard
2014-08-14,135.7401,135.7401,135.7401,135.7401,0,Vanguard
2014-08-13,135.1094,135.1094,135.1094,135.1094,0,Vanguard
2014-08-12,134.6593,134.6593,134.6593,134.6593,0,Vanguard
2014-08-11,134.4671,134.4671,134.4671,134.4671,0,Vanguard
2014-08-08,134.9584,134.9584,134.9584,134.9584,0,Vanguard
2014-08-07,134.0050,134.0050,134.0050,134.0050,0,Vanguard
2014-08-06,133.6419,133.6419,133.6419,133.6419,0,Vanguard
2014-08-05,133.0447,133.0447,133.0447,133.0447,0,Vanguard
2014-08-04,133.5222,133.5222,133.5222,133.5222,0,Vanguard
2014-08-01,133.2900,133.2900,133.2900,133.2900,0,Vanguard
2014-07-31,132.3763,132.3763,132.3763,132.3763,0,Vanguard
2014-07-30,132.4521,132.4521,132.4521,132.4521,0,Vanguard
2014-07-29,132.8136,132.8136,132.8136,132.8136,0,Vanguard
2014-07-28,131.8518,131.8518,131.8518,131.8518,0,Vanguard
2014-07-25,132.4267,132.4267,132.4267,132.4267,0,Vanguard
2014-07-24,132.0538,132.0538,132.0538,132.0538,0,Vanguard
2014-07-23,132.3505,132.3505,132.3505,132.3505,0,Vanguard
2014-07-22,132.2109,132.2109,132.2109,132.2109,0,Vanguard
2014-07-21,132.4665,132.4665,132.4665,132.4665,0,Vanguard
2014-07-18,132.5537,132.5537,132.5537,132.5537,0,Vanguard
2014-07-17,132.2322,132.2322,132.2322,132.2322,0,Vanguard
2014-07-16,131.4952,131.4952,131.4952,131.4952,0,Vanguard
2014-07-15,131.6379,131.6379,131.6379,131.6379,0,Vanguard
2014-07-14,131.8289,131.8289,131.8289,131.8289,0,Vanguard
2014-07-11,131.8617,131.8617,131.8617,131.8617,0,Vanguard
2014-07-10,131.7009,131.7009,131.7009,131.7009,0,Vanguard
2014-07-09,131.2562,131.2562,131.2562,131.2562,0,Vanguard
2014-07-08,131.2682,131.2682,131.2682,131.2682,0,Vanguard
2014-07-07,130.4128,130.4128,130.4128,130.4128,0,Vanguard
2014-07-04,130.3692,130.3692,130.3692,130.3692,0,Vanguard
2014-07-03,130.5153,130.5153,130.5153,130.5153,0,Vanguard
2014-07-02,130.6559,130.6559,130.6559,130.6559,0,Vanguard
2014-07-01,131.0306,131.0306,131.0306,131.0306,0,Vanguard
2014-06-30,131.3916,131.3916,131.3916,131.3916,0,Vanguard
2014-06-27,131.6057,131.6057,131.6057,131.6057,0,Vanguard
2014-06-26,132.1103,132.1103,132.1103,132.1103,0,Vanguard
2014-06-25,131.8785,131.8785,131.8785,131.8785,0,Vanguard
2014-06-24,130.7645,130.7645,130.7645,130.7645,0,Vanguard
2014-06-23,130.7659,130.7659,130.7659,130.7659,0,Vanguard
2014-06-20,130.5995,130.5995,130.5995,130.5995,0,Vanguard
2014-06-19,130.9725,130.9725,130.9725,130.9725,0,Vanguard
2014-06-18,131.1177,131.1177,131.1177,131.1177,0,Vanguard
2014-06-17,130.6802,130.6802,130.6802,130.6802,0,Vanguard
2014-06-16,130.9324,130.9324,130.9324,130.9324,0,Vanguard
2014-06-13,130.7736,130.7736,130.7736,130.7736,0,Vanguard
2014-06-12,130.7627,130.7627,130.7627,130.7627,0,Vanguard
2014-06-11,130.9387,130.9387,130.9387,130.9387,0,Vanguard
2014-06-10,130.6248,130.6248,130.6248,130.6248,0,Vanguard
2014-06-09,130.8893,130.8893,130.8893,130.8893,0,Vanguard
2014-06-06,131.2876,131.2876,131.2876,131.2876,0,Vanguard
2014-06-05,131.2288,131.2288,131.2288,131.2288,0,Vanguard
2014-06-04,130.7990,130.7990,130.7990,130.7990,0,Vanguard
2014-06-03,131.8746,131.8746,131.8746,131.8746,0,Vanguard
2014-06-02,132.1288,132.1288,132.1288,132.1288,0,Vanguard
2014-05-30,132.6674,132.6674,132.6674,132.6674,0,Vanguard
2014-05-29,132.6608,132.6608,132.6608,132.6608,0,Vanguard
2014-05-28,132.4142,132.4142,132.4142,132.4142,0,Vanguard
2014-05-27,131.2411,131.2411,131.2411,131.2411,0,Vanguard
2014-05-23,131.7966,131.7966,131.7966,131.7966,0,Vanguard
2014-05-22,131.6683,131.6683,131.6683,131.6683,0,Vanguard
2014-05-21,131.9764,131.9764,131.9764,131.9764,0,Vanguard
2014-05-20,132.4018,132.4018,132.4018,132.4018,0,Vanguard
2014-05-19,133.1882,133.1882,133.1882,133.1882,0,Vanguard
2014-05-16,133.4007,133.4007,133.4007,133.4007,0,Vanguard
2014-05-15,133.7046,133.7046,133.7046,133.7046,0,Vanguard
2014-05-14,132.7470,132.7470,132.7470,132.7470,0,Vanguard
2014-05-13,132.0882,132.0882,132.0882,132.0882,0,Vanguard
2014-05-12,131.6763,131.6763,131.6763,131.6763,0,Vanguard
2014-05-09,131.9991,131.9991,131.9991,131.9991,0,Vanguard
2014-05-08,132.2012,132.2012,132.2012,132.2012,0,Vanguard
2014-05-07,131.6342,131.6342,131.6342,131.6342,0,Vanguard
2014-05-06,131.6296,131.6296,131.6296,131.6296,0,Vanguard
2014-05-02,131.8444,131.8444,131.8444,131.8444,0,Vanguard
2014-05-01,131.6619,131.6619,131.6619,131.6619,0,Vanguard
2014-04-30,131.2432,131.2432,131.2432,131.2432,0,Vanguard
2014-04-29,131.0793,131.0793,131.0793,131.0793,0,Vanguard
2014-04-28,131.1545,131.1545,131.1545,131.1545,0,Vanguard
2014-04-25,131.6151,131.6151,131.6151,131.6151,0,Vanguard
2014-04-24,131.3201,131.3201,131.3201,131.3201,0,Vanguard
2014-04-23,131.6762,131.6762,131.6762,131.6762,0,Vanguard
2014-04-22,131.2864,131.2864,131.2864,131.2864,0,Vanguard
2014-04-17,131.8256,131.8256,131.8256,131.8256,0,Vanguard
2014-04-16,132.0570,132.0570,132.0570,132.0570,0,Vanguard
2014-04-15,131.9149,131.9149,131.9149,131.9149,0,Vanguard
2014-04-14,131.1140,131.1140,131.1140,131.1140,0,Vanguard
2014-04-11,131.4409,131.4409,131.4409,131.4409,0,Vanguard
2014-04-10,131.2697,131.2697,131.2697,131.2697,0,Vanguard
2014-04-09,130.0041,130.0041,130.0041,130.0041,0,Vanguard
2014-04-08,129.7897,129.7897,129.7897,129.7897,0,Vanguard
2014-04-07,130.0822,130.0822,130.0822,130.0822,0,Vanguard
2014-04-04,130.1363,130.1363,130.1363,130.1363,0,Vanguard
2014-04-03,129.3725,129.3725,129.3725,129.3725,0,Vanguard
2014-04-02,129.3874,129.3874,129.3874,129.3874,0,Vanguard
2014-04-01,129.8791,129.8791,129.8791,129.8791,0,Vanguard
2014-03-31,130.0372,130.0372,130.0372,130.0372,0,Vanguard
2014-03-28,129.4585,129.4585,129.4585,129.4585,0,Vanguard
2014-03-27,130.1366,130.1366,130.1366,130.1366,0,Vanguard
2014-03-26,129.8303,129.8303,129.8303,129.8303,0,Vanguard
2014-03-25,129.4607,129.4607,129.4607,129.4607,0,Vanguard
2014-03-24,129.2063,129.2063,129.2063,129.2063,0,Vanguard
2014-03-21,128.7357,128.7357,128.7357,128.7357,0,Vanguard
2014-03-20,128.4547,128.4547,128.4547,128.4547,0,Vanguard
2014-03-19,129.6076,129.6076,129.6076,129.6076,0,Vanguard
2014-03-18,130.0911,130.0911,130.0911,130.0911,0,Vanguard
2014-03-17,129.6480,129.6480,129.6480,129.6480,0,Vanguard
2014-03-14,129.5519,129.5519,129.5519,129.5519,0,Vanguard
2014-03-13,128.9967,128.9967,128.9967,128.9967,0,Vanguard
2014-03-12,128.3483,128.3483,128.3483,128.3483,0,Vanguard
2014-03-11,128.1454,128.1454,128.1454,128.1454,0,Vanguard
2014-03-10,127.8904,127.8904,127.8904,127.8904,0,Vanguard
2014-03-07,128.1885,128.1885,128.1885,128.1885,0,Vanguard
2014-03-06,128.3683,128.3683,128.3683,128.3683,0,Vanguard
2014-03-05,129.0236,129.0236,129.0236,129.0236,0,Vanguard
2014-03-04,128.9969,128.9969,128.9969,128.9969,0,Vanguard
2014-03-03,128.8506,128.8506,128.8506,128.8506,0,Vanguard
2014-02-28,128.0345,128.0345,128.0345,128.0345,0,Vanguard
2014-02-27,127.8731,127.8731,127.8731,127.8731,0,Vanguard
2014-02-26,127.4890,127.4890,127.4890,127.4890,0,Vanguard
2014-02-25,127.2750,127.2750,127.2750,127.2750,0,Vanguard
2014-02-24,127.1799,127.1799,127.1799,127.1799,0,Vanguard
2014-02-21,126.7436,126.7436,126.7436,126.7436,0,Vanguard
2014-02-20,126.3726,126.3726,126.3726,126.3726,0,Vanguard
2014-02-19,126.9888,126.9888,126.9888,126.9888,0,Vanguard
2014-02-18,126.8356,126.8356,126.8356,126.8356,0,Vanguard
2014-02-17,126.4147,126.4147,126.4147,126.4147,0,Vanguard
2014-02-14,126.2494,126.2494,126.2494,126.2494,0,Vanguard
2014-02-13,125.9057,125.9057,125.9057,125.9057,0,Vanguard
2014-02-12,125.5443,125.5443,125.5443,125.5443,0,Vanguard
2014-02-11,126.4276,126.4276,126.4276,126.4276,0,Vanguard
2014-02-10,126.9869,126.9869,126.9869,126.9869,0,Vanguard
2014-02-07,127.4536,127.4536,127.4536,127.4536,0,Vanguard
2014-02-06,127.1683,127.1683,127.1683,127.1683,0,Vanguard
2014-02-05,127.8439,127.8439,127.8439,127.8439,0,Vanguard
2014-02-04,127.8332,127.8332,127.8332,127.8332,0,Vanguard
2014-02-03,128.2941,128.2941,128.2941,128.2941,0,Vanguard
