date,open,high,low,close,volume,comment
2012-12-04,1545.00,1545.00,1545.00,1545.00,2000.00,Alphavantage
2012-12-17,1530.00,1530.00,1526.70,1530.00,4.00,Alphavantage
2012-12-18,1545.00,1545.00,1542.30,1545.00,864.00,Alphavantage
2012-12-19,1542.00,1548.30,1542.00,1548.30,18.00,Alphavantage
2012-12-20,1550.00,1553.35,1550.00,1550.00,4.00,Alphavantage
2012-12-21,1534.00,1544.00,1534.00,1544.00,57.00,Alphavantage
2012-12-27,1550.00,1565.00,1550.00,1557.50,76.00,Alphavantage
2013-01-02,1587.00,1587.00,1565.40,1583.00,582.00,Alphavantage
2013-01-03,1582.00,1582.40,1582.00,1582.40,1632.00,Alphavantage
2013-01-04,1585.00,1585.00,1584.40,1585.00,276.00,Alphavantage
2013-01-07,1580.00,1580.00,1577.40,1580.00,762.00,Alphavantage
2013-01-11,1592.00,1592.00,1590.60,1590.60,264.00,Alphavantage
2013-01-14,1593.00,1600.60,1593.00,1593.00,630.00,Alphavantage
2013-01-15,1580.00,1582.00,1579.40,1582.00,84.00,Alphavantage
2013-01-21,1645.00,1645.00,1645.00,1645.00,200.00,Alphavantage
2013-01-24,1680.00,1680.00,1656.60,1677.50,606.00,Alphavantage
2013-01-25,1660.00,1674.40,1660.00,1668.50,6.00,Alphavantage
2013-01-28,1677.00,1681.00,1677.00,1679.50,5948.00,Alphavantage
2013-01-29,1670.00,1670.00,1670.00,1670.00,2862.00,Alphavantage
2013-01-30,1693.00,1693.00,1693.00,1693.00,2894.00,Alphavantage
2013-01-31,1659.00,1659.00,1659.00,1659.00,789.00,Alphavantage
2013-02-04,1686.00,1690.60,1686.00,1686.00,396.00,Alphavantage
2013-02-13,1735.00,1735.00,1733.35,1733.35,200.00,Alphavantage
2013-02-14,1717.00,1717.00,1709.50,1717.00,615.00,Alphavantage
2013-02-19,1739.00,1739.00,1730.50,1739.00,378.00,Alphavantage
2013-02-21,1745.00,1753.50,1745.00,1745.00,644.00,Alphavantage
2013-02-22,1752.00,1753.50,1735.50,1745.50,8264.00,Alphavantage
2013-02-25,1780.00,1783.50,1760.50,1767.50,10958.00,Alphavantage
2013-02-26,1752.00,1754.50,1734.00,1741.50,2910.00,Alphavantage
2013-02-27,1771.00,1771.00,1749.16,1767.50,2454.00,Alphavantage
2013-02-28,1782.00,1784.40,1771.60,1780.50,1104.00,Alphavantage
2013-03-06,1826.00,1826.00,1825.40,1825.40,1374.00,Alphavantage
2013-03-11,1835.00,1835.00,1830.40,1834.50,550.00,Alphavantage
2013-03-12,1823.00,1823.00,1823.00,1823.00,500.00,Alphavantage
2013-03-18,1781.00,1781.00,1781.00,1781.00,775.00,Alphavantage
2013-03-19,1815.00,1815.00,1790.00,1790.00,2186.00,Alphavantage
2013-03-20,1794.00,1800.18,1794.00,1800.18,3050.00,Alphavantage
2013-03-21,1808.00,1808.00,1799.40,1800.50,486.00,Alphavantage
2013-03-22,1804.00,1805.50,1784.60,1791.50,799.00,Alphavantage
2013-03-25,1785.00,1792.50,1785.00,1787.50,780.00,Alphavantage
2013-03-26,1801.00,1801.00,1787.00,1792.50,2254.00,Alphavantage
2013-03-27,1793.00,1793.00,1786.50,1786.50,3000.00,Alphavantage
2013-03-28,1790.00,1794.50,1790.00,1794.50,3600.00,Alphavantage
2013-04-03,1791.00,1791.00,1791.00,1791.00,105.00,Alphavantage
2013-04-05,1762.00,1762.00,1762.00,1762.00,2066.00,Alphavantage
2013-04-11,1814.00,1814.50,1814.00,1814.00,140.00,Alphavantage
2013-04-15,1814.00,1816.50,1814.00,1814.00,1384.00,Alphavantage
2013-04-17,1790.00,1793.75,1790.00,1790.00,1238.00,Alphavantage
2013-04-23,1799.00,1799.00,1799.00,1799.00,5039.00,Alphavantage
2013-04-24,1810.00,1810.00,1804.00,1804.00,1659.00,Alphavantage
2013-04-26,1786.00,1791.50,1786.00,1791.50,526.00,Alphavantage
2013-04-29,1795.00,1799.50,1789.60,1799.50,790.00,Alphavantage
2013-04-30,1788.00,1800.50,1788.00,1797.00,336.00,Alphavantage
2013-05-02,1801.00,1801.00,1796.60,1801.00,314.00,Alphavantage
2013-05-03,1815.00,1815.50,1812.60,1815.50,420.00,Alphavantage
2013-05-08,1813.00,1814.60,1813.00,1814.60,48.00,Alphavantage
2013-05-16,1893.00,1896.40,1893.00,1893.00,104.00,Alphavantage
2013-05-20,1910.00,1910.00,1904.40,1905.00,76.00,Alphavantage
2013-05-21,1930.00,1930.00,1924.30,1924.30,24.00,Alphavantage
2013-05-23,1905.00,1905.40,1905.00,1905.00,574.00,Alphavantage
2013-05-24,1878.00,1882.60,1878.00,1882.60,252.00,Alphavantage
2013-05-29,1902.00,1902.00,1902.00,1902.00,50000.00,Alphavantage
2013-06-03,1852.00,1857.50,1852.00,1852.00,356.00,Alphavantage
2013-06-05,1835.00,1835.00,1835.00,1835.00,500.00,Alphavantage
2013-06-12,1756.00,1765.50,1756.00,1764.50,368.00,Alphavantage
2013-06-14,1761.00,1768.50,1761.00,1768.50,840.00,Alphavantage
2013-06-17,1767.00,1775.50,1767.00,1775.50,138.00,Alphavantage
2013-06-18,1780.00,1780.00,1778.50,1780.00,2210.00,Alphavantage
2013-06-19,1786.00,1786.00,1782.00,1782.00,112.00,Alphavantage
2013-06-24,1670.00,1670.00,1670.00,1670.00,2000.00,Alphavantage
2013-06-25,1705.00,1705.00,1686.25,1698.00,328.00,Alphavantage
2013-06-26,1728.00,1728.50,1725.50,1725.50,2912.00,Alphavantage
2013-06-27,1745.00,1745.00,1721.40,1745.00,54.00,Alphavantage
2013-06-28,1765.00,1765.00,1754.50,1765.00,28.00,Alphavantage
2013-07-01,1762.00,1772.50,1762.00,1769.50,20.00,Alphavantage
2013-07-02,1784.00,1784.00,1759.50,1774.50,112.00,Alphavantage
2013-07-03,1743.00,1746.50,1743.00,1746.50,2000.00,Alphavantage
2013-07-04,1780.00,1780.00,1771.50,1780.00,658.00,Alphavantage
2013-07-05,1786.00,1798.50,1786.00,1797.50,2070.00,Alphavantage
2013-07-08,1812.00,1817.40,1802.50,1817.40,496.00,Alphavantage
2013-07-09,1849.00,1849.00,1825.60,1842.00,960.00,Alphavantage
2013-07-12,1804.00,1811.60,1804.00,1811.50,40.00,Alphavantage
2013-07-15,1817.00,1827.40,1814.60,1827.40,114.00,Alphavantage
2013-07-16,1833.00,1844.40,1833.00,1833.00,542.00,Alphavantage
2013-07-17,1836.00,1836.00,1829.40,1829.40,1092.00,Alphavantage
2013-07-18,1838.00,1838.00,1825.25,1830.00,2.00,Alphavantage
2013-07-22,1833.00,1837.25,1830.25,1830.25,32.00,Alphavantage
2013-07-23,1816.00,1825.60,1816.00,1825.60,366.00,Alphavantage
2013-07-24,1814.00,1827.50,1814.00,1821.00,3050.00,Alphavantage
2013-07-25,1819.00,1827.00,1817.40,1817.40,1258.00,Alphavantage
2013-08-02,1843.00,1847.50,1843.00,1843.00,30.00,Alphavantage
2013-08-05,1848.00,1848.00,1842.40,1842.40,42.00,Alphavantage
2013-08-08,1815.00,1815.00,1815.00,1815.00,1300.00,Alphavantage
2013-08-12,1820.00,1834.40,1808.60,1827.00,1660.00,Alphavantage
2013-08-14,1801.00,1801.00,1798.50,1798.50,310.00,Alphavantage
2013-08-15,1768.00,1775.20,1768.00,1768.00,114.00,Alphavantage
2013-08-21,1746.00,1746.00,1732.00,1735.50,4149.00,Alphavantage
2013-08-27,1745.00,1754.50,1745.00,1753.50,112.00,Alphavantage
2013-09-09,1784.00,1784.00,1781.50,1781.50,16.00,Alphavantage
2013-09-11,1806.00,1807.40,1806.00,1806.00,12.00,Alphavantage
2013-09-13,1802.00,1802.50,1802.00,1802.00,80.00,Alphavantage
2013-09-16,1800.00,1807.60,1797.50,1807.60,40.00,Alphavantage
2013-09-18,1816.00,1821.40,1816.00,1816.00,44.00,Alphavantage
2013-09-20,1828.00,1830.60,1828.00,1830.60,238.00,Alphavantage
2013-09-25,1820.00,1821.00,1819.00,1820.00,70.00,Alphavantage
2013-09-26,1820.00,1820.00,1816.50,1820.00,20.00,Alphavantage
2013-09-27,1807.00,1809.50,1807.00,1809.50,568.00,Alphavantage
2013-10-09,1821.00,1823.40,1811.00,1811.00,1170.00,Alphavantage
2013-10-22,1855.00,1855.00,1850.60,1855.00,380.00,Alphavantage
2013-10-23,1853.00,1866.40,1850.50,1864.00,2924.00,Alphavantage
2013-10-24,1877.00,1880.40,1866.63,1870.00,1730.00,Alphavantage
2013-10-25,1876.00,1876.00,1869.40,1869.40,426.00,Alphavantage
2013-10-29,1888.00,1908.00,1888.00,1903.00,6002.00,Alphavantage
2013-10-30,1898.00,1915.40,1894.00,1900.00,1599.00,Alphavantage
2013-10-31,1915.00,1915.00,1912.40,1912.40,174.00,Alphavantage
2013-11-01,1920.00,1924.40,1920.00,1920.00,1648.00,Alphavantage
2013-11-04,1920.00,1921.40,1920.00,1920.00,188.00,Alphavantage
2013-11-06,1891.00,1891.00,1891.00,1891.00,94.00,Alphavantage
2013-11-07,1893.00,1902.40,1893.00,1893.00,4.00,Alphavantage
2013-11-08,1880.00,1880.00,1873.40,1875.00,1194.00,Alphavantage
2013-11-11,1897.00,1897.00,1889.40,1894.00,1062.00,Alphavantage
2013-11-12,1910.00,1910.40,1899.38,1905.00,1531.00,Alphavantage
2013-11-14,1912.00,1912.00,1904.40,1906.50,316.00,Alphavantage
2013-11-18,1920.00,1921.70,1920.00,1921.70,1718.00,Alphavantage
2013-11-19,1935.00,1935.00,1932.30,1932.30,176.00,Alphavantage
2013-11-20,1907.00,1912.40,1905.62,1905.62,8507.00,Alphavantage
2013-11-21,1905.00,1905.00,1900.40,1900.40,2388.00,Alphavantage
2013-11-25,1908.00,1909.15,1894.60,1902.00,1358.00,Alphavantage
2013-11-27,1895.00,1899.00,1884.19,1884.19,2341.00,Alphavantage
2013-11-28,1894.00,1894.00,1890.40,1890.40,308.00,Alphavantage
2013-12-02,1866.00,1881.40,1866.00,1868.00,3261.00,Alphavantage
2013-12-04,1835.00,1835.00,1833.40,1833.40,636.00,Alphavantage
2013-12-18,1868.00,1868.00,1866.40,1866.40,36.00,Alphavantage
2013-12-20,1869.00,1869.60,1869.00,1869.60,556.00,Alphavantage
2013-12-23,1903.00,1903.00,1894.20,1896.00,52.00,Alphavantage
2013-12-27,1914.00,1916.62,1907.60,1916.62,4500.00,Alphavantage
2013-12-30,1908.00,1908.00,1908.00,1908.00,192.00,Alphavantage
2014-01-10,1884.74,1884.74,1884.74,1884.74,100.00,Alphavantage
2014-01-13,1912.00,1912.00,1900.40,1904.00,636.00,Alphavantage
2014-01-14,1877.00,1888.30,1874.60,1888.30,730.00,Alphavantage
2014-01-17,1904.00,1920.60,1904.00,1911.00,338.00,Alphavantage
2014-01-23,1904.00,1919.20,1904.00,1904.00,38.00,Alphavantage
2014-01-24,1889.00,1889.00,1888.40,1888.40,1000.00,Alphavantage
2014-01-28,1849.00,1849.00,1849.00,1849.00,260.00,Alphavantage
2014-01-30,1881.00,1881.00,1880.40,1880.40,2.00,Alphavantage
2014-01-31,1865.00,1870.40,1865.00,1868.00,212.00,Alphavantage
2014-02-04,1866.00,1866.00,1847.94,1857.00,700.00,Alphavantage
2014-02-07,1898.00,1898.00,1894.60,1898.00,210.00,Alphavantage
2014-02-10,1915.00,1915.00,1914.40,1914.40,16.00,Alphavantage
2014-02-11,1926.00,1928.30,1926.00,1926.00,110.00,Alphavantage
2014-02-14,1920.00,1926.00,1920.00,1920.00,522.00,Alphavantage
2014-02-18,1921.36,1921.36,1921.36,1921.36,130.00,Alphavantage
2014-02-20,1936.00,1936.00,1922.60,1936.00,22.00,Alphavantage
2014-02-24,1961.00,1974.30,1957.70,1970.50,3862.00,Alphavantage
2014-02-25,1955.00,1959.11,1949.60,1959.11,1717.00,Alphavantage
2014-02-27,1977.22,1977.22,1977.22,1977.22,100.00,Alphavantage
2014-02-28,1981.91,1981.91,1981.91,1981.91,100.00,Alphavantage
2014-03-04,1979.00,1979.00,1979.00,1979.00,560.00,Alphavantage
2014-03-06,2002.00,2002.70,2002.00,2002.70,678.00,Alphavantage
2014-03-07,2014.00,2015.00,2006.00,2009.50,6195.00,Alphavantage
2014-03-14,1972.00,1973.70,1972.00,1973.70,912.00,Alphavantage
2014-03-18,2018.00,2018.00,2013.30,2013.30,26.00,Alphavantage
2014-03-20,1995.00,1998.30,1995.00,1995.00,200.00,Alphavantage
2014-03-24,2000.00,2006.15,2000.00,2000.00,126.00,Alphavantage
2014-04-02,2033.00,2043.30,2024.70,2038.00,5826.00,Alphavantage
2014-04-03,2019.00,2028.70,2019.00,2027.00,526.00,Alphavantage
2014-04-08,1992.00,1998.30,1992.00,1992.00,148.00,Alphavantage
2014-04-14,1973.00,1973.00,1970.30,1970.30,454.00,Alphavantage
2014-04-17,2004.00,2004.00,1983.70,1994.50,556.00,Alphavantage
2014-04-23,2004.00,2005.15,1989.70,1995.50,788.00,Alphavantage
2014-04-25,1991.00,1998.30,1964.00,1977.50,684.00,Alphavantage
2014-04-28,1969.00,1982.30,1969.00,1971.50,2850.00,Alphavantage
2014-04-29,1986.00,1994.70,1986.00,1994.70,1374.00,Alphavantage
2014-04-30,2012.00,2012.00,2012.00,2012.00,12.00,Alphavantage
2014-05-02,1979.70,2000.30,1977.60,1992.50,398.00,Alphavantage
2014-05-06,2000.00,2000.00,2000.00,2000.00,700.00,Alphavantage
2014-05-07,1969.00,1985.40,1969.00,1979.50,762.00,Alphavantage
2014-05-09,1992.00,1992.00,1976.60,1992.00,1064.00,Alphavantage
2014-05-12,2018.00,2018.00,1991.70,2013.50,352.00,Alphavantage
2014-05-13,2021.00,2022.70,2021.00,2022.70,88.00,Alphavantage
2014-05-15,1994.00,2012.70,1994.00,2002.50,248.00,Alphavantage
2014-05-16,2010.00,2010.00,2009.30,2009.30,536.00,Alphavantage
2014-05-20,2004.00,2012.70,2004.00,2012.70,58.00,Alphavantage
2014-05-22,2023.00,2023.00,2008.70,2023.00,922.00,Alphavantage
2014-05-23,2027.00,2041.15,2026.80,2040.50,314.00,Alphavantage
2014-05-27,2040.00,2040.00,2037.70,2040.00,2230.00,Alphavantage
2014-05-28,2063.00,2063.00,2062.00,2062.00,152.00,Alphavantage
2014-05-29,2100.00,2100.00,2043.70,2051.50,1226.00,Alphavantage
2014-06-02,2056.00,2059.70,2056.00,2059.70,72.00,Alphavantage
2014-06-03,2066.00,2068.20,2050.70,2055.50,390.00,Alphavantage
2014-06-09,2089.00,2089.00,2075.80,2089.00,2024.00,Alphavantage
2014-06-10,2107.00,2107.00,2103.30,2103.30,14.00,Alphavantage
2014-06-11,2093.00,2099.20,2093.00,2093.00,64.00,Alphavantage
2014-06-19,2091.50,2094.30,2091.50,2091.50,954.00,Alphavantage
2014-06-23,2091.50,2098.65,2087.75,2096.50,92.00,Alphavantage
2014-07-01,2088.50,2088.50,2075.70,2088.50,172.00,Alphavantage
2014-07-02,2084.00,2089.25,2084.00,2084.00,332.00,Alphavantage
2014-07-09,2030.50,2034.35,2030.50,2030.50,16.00,Alphavantage
2014-07-10,2002.50,2011.85,2002.50,2008.75,560.00,Alphavantage
2014-07-15,2025.00,2029.30,2025.00,2025.00,400.00,Alphavantage
2014-07-16,2029.00,2030.85,2029.00,2029.00,215.00,Alphavantage
2014-07-17,2029.22,2029.22,2029.22,2029.22,170000.00,Alphavantage
2014-07-18,2027.50,2036.00,2015.17,2030.25,295.00,Alphavantage
2014-07-22,2061.00,2061.00,2047.65,2054.50,30.00,Alphavantage
2014-07-23,2051.00,2053.15,2051.00,2051.00,8.00,Alphavantage
2014-07-25,2044.50,2051.80,2044.50,2044.50,512.00,Alphavantage
2014-07-30,2022.00,2032.35,2022.00,2022.00,300.00,Alphavantage
2014-07-31,1976.00,1999.35,1976.00,1981.25,562.00,Alphavantage
2014-08-04,1936.50,1946.10,1936.50,1946.00,610.00,Alphavantage
2014-08-08,1967.00,1967.00,1930.10,1961.75,512.00,Alphavantage
2014-08-11,1992.50,1992.50,1983.50,1986.00,14.00,Alphavantage
2014-08-12,1987.00,1987.00,1980.50,1980.50,168.00,Alphavantage
2014-08-14,2016.00,2016.00,2011.45,2015.25,924.00,Alphavantage
2014-08-15,2020.00,2020.00,2014.80,2015.50,124.00,Alphavantage
2014-08-20,2039.00,2039.00,2012.30,2039.00,974.00,Alphavantage
2014-08-26,2079.00,2079.00,2064.65,2071.50,294.00,Alphavantage
2014-08-28,2066.00,2066.00,2061.40,2061.40,8.00,Alphavantage
2014-08-29,2055.50,2062.85,2055.50,2055.50,2032.00,Alphavantage
2014-09-01,2048.00,2064.00,2048.00,2056.00,2422.00,Alphavantage
2014-09-02,2078.50,2078.50,2070.85,2070.85,66.00,Alphavantage
2014-09-09,2098.00,2098.40,2098.00,2098.00,114.00,Alphavantage
2014-09-10,2086.50,2090.40,2086.50,2086.50,1742.00,Alphavantage
2014-09-12,2079.00,2083.40,2079.00,2079.00,10.00,Alphavantage
2014-09-17,2058.00,2061.30,2058.00,2058.00,232.00,Alphavantage
2014-09-18,2040.00,2045.50,2040.00,2040.00,20.00,Alphavantage
2014-09-22,2020.00,2030.60,2020.00,2025.75,1974.00,Alphavantage
2014-09-23,2012.00,2024.20,2012.00,2012.00,8.00,Alphavantage
2014-09-24,2009.00,2009.00,1995.50,2007.25,210.00,Alphavantage
2014-09-25,2007.23,2007.23,2007.23,2007.23,15000.00,Alphavantage
2014-09-26,2000.00,2000.00,2000.00,2000.00,1500.00,Alphavantage
2014-09-29,1979.00,1985.60,1979.00,1985.60,650.00,Alphavantage
2014-10-01,1987.00,1989.85,1987.00,1987.00,500.00,Alphavantage
2014-10-06,2003.00,2003.00,2001.40,2001.40,1086.00,Alphavantage
2014-10-09,1977.00,1986.50,1977.00,1977.00,14.00,Alphavantage
2014-10-10,1940.00,1944.60,1940.00,1944.60,442.00,Alphavantage
2014-10-15,1922.50,1927.90,1922.50,1927.90,274.00,Alphavantage
2014-10-16,1928.00,1928.40,1928.00,1928.40,472.00,Alphavantage
2014-10-17,1950.00,1950.00,1946.50,1950.00,4604.00,Alphavantage
2014-10-21,1989.00,1989.00,1981.60,1989.00,172.00,Alphavantage
2014-10-22,2034.00,2034.00,2028.20,2028.20,298.00,Alphavantage
2014-10-23,2052.50,2052.50,2044.20,2044.20,8.00,Alphavantage
2014-10-27,2028.00,2028.00,2028.00,2028.00,2066.00,Alphavantage
2014-10-31,2085.00,2088.82,2070.00,2085.00,416.00,Alphavantage
2014-11-07,2104.00,2104.00,2104.00,2104.00,421.00,Alphavantage
2014-11-10,2137.00,2137.00,2126.30,2130.00,12.00,Alphavantage
2014-11-18,2162.00,2167.00,2159.70,2167.00,4959.00,Alphavantage
2014-11-20,2155.50,2155.50,2150.70,2155.50,32.00,Alphavantage
2014-11-21,2125.00,2165.00,2125.00,2165.00,615.00,Alphavantage
2014-11-24,2187.00,2190.15,2187.00,2187.00,8.00,Alphavantage
2014-11-26,2190.00,2190.00,2189.30,2189.30,400.00,Alphavantage
2014-11-28,2187.00,2187.00,2186.15,2186.15,1372.00,Alphavantage
2014-12-01,2133.00,2133.00,2132.25,2133.00,136.00,Alphavantage
2014-12-04,2137.00,2150.60,2137.00,2140.25,2.00,Alphavantage
2014-12-08,2137.00,2145.70,2137.00,2144.75,126.00,Alphavantage
2014-12-09,2128.00,2128.00,2117.40,2117.40,14.00,Alphavantage
2014-12-11,2127.00,2128.30,2127.00,2127.00,88.00,Alphavantage
2014-12-12,2110.00,2118.00,2110.00,2110.00,2348.00,Alphavantage
2014-12-16,2097.00,2097.00,2078.40,2097.00,190.00,Alphavantage
2014-12-23,2191.50,2191.50,2177.20,2186.00,8.00,Alphavantage
2015-01-05,2166.00,2178.70,2166.00,2166.00,90.00,Alphavantage
2015-01-06,2156.50,2160.30,2139.70,2141.25,1596.00,Alphavantage
2015-01-12,2202.50,2208.30,2202.50,2202.50,12.00,Alphavantage
2015-01-14,2197.00,2197.00,2195.30,2195.30,90.00,Alphavantage
2015-01-15,2184.00,2184.00,2161.40,2184.00,210.00,Alphavantage
2015-01-21,2241.00,2241.00,2236.25,2236.25,66.00,Alphavantage
2015-02-06,2216.00,2216.00,2215.70,2216.00,1718.00,Alphavantage
2015-02-09,2198.00,2220.00,2192.80,2209.00,188.00,Alphavantage
2015-02-11,2215.00,2215.00,2213.20,2213.20,700.00,Alphavantage
2015-02-12,2194.00,2194.00,2194.00,2194.00,58.00,Alphavantage
2015-02-13,2198.00,2198.00,2196.80,2198.00,304.00,Alphavantage
2015-02-16,2195.00,2195.00,2194.70,2195.00,210.00,Alphavantage
2015-02-17,2198.00,2198.00,2186.80,2198.00,2148.00,Alphavantage
2015-02-19,2210.00,2216.30,2201.70,2215.00,6442.00,Alphavantage
2015-02-20,2203.00,2207.80,2202.80,2207.80,6258.00,Alphavantage
2015-02-23,2211.00,2221.70,2211.00,2218.75,444.00,Alphavantage
2015-02-24,2232.00,2237.30,2222.70,2237.30,4534.00,Alphavantage
2015-02-25,2224.00,2225.70,2224.00,2225.70,90.00,Alphavantage
2015-02-26,2210.00,2216.70,2210.00,2216.70,1772.00,Alphavantage
2015-02-27,2235.00,2245.10,2235.00,2235.00,60.00,Alphavantage
2015-03-02,2218.00,2226.80,2218.00,2226.80,1152.00,Alphavantage
2015-03-04,2198.00,2198.00,2193.80,2198.00,2526.00,Alphavantage
2015-03-05,2235.00,2235.00,2220.75,2226.25,500.00,Alphavantage
2015-03-06,2215.00,2223.85,2215.00,2223.25,572.00,Alphavantage
2015-03-09,2216.00,2216.00,2209.30,2209.30,12.00,Alphavantage
2015-03-11,2206.00,2206.00,2206.00,2206.00,160.00,Alphavantage
2015-03-16,2248.00,2248.00,2245.75,2248.00,284.00,Alphavantage
2015-03-18,2281.00,2281.00,2267.90,2281.00,512.00,Alphavantage
2015-03-19,2303.00,2306.00,2303.00,2303.00,4008.00,Alphavantage
2015-03-20,2316.00,2316.00,2315.20,2315.20,646.00,Alphavantage
2015-03-23,2326.00,2326.00,2309.80,2316.50,3236.00,Alphavantage
2015-03-25,2325.50,2325.50,2315.00,2315.00,1840.00,Alphavantage
2015-03-27,2288.00,2288.00,2279.80,2288.00,2112.00,Alphavantage
2015-03-30,2308.00,2308.80,2307.90,2308.80,1058.00,Alphavantage
2015-03-31,2317.50,2333.10,2317.50,2317.50,600.00,Alphavantage
2015-04-07,2349.00,2360.95,2322.70,2359.50,1538.00,Alphavantage
2015-04-08,2316.00,2367.10,2316.00,2338.50,480.00,Alphavantage
2015-04-09,2373.50,2399.00,2373.50,2373.50,2118.00,Alphavantage
2015-04-21,2401.00,2401.10,2401.00,2401.00,414.00,Alphavantage
2015-04-23,2368.00,2385.10,2350.90,2377.25,64.00,Alphavantage
2015-04-28,2343.00,2353.80,2343.00,2352.50,62.00,Alphavantage
2015-04-29,2337.00,2369.05,2318.90,2328.00,820.00,Alphavantage
2015-05-05,2350.00,2381.10,2350.00,2350.00,418.00,Alphavantage
2015-05-06,2326.00,2340.10,2326.00,2326.00,1300.00,Alphavantage
2015-05-08,2343.50,2343.50,2323.20,2333.75,86.00,Alphavantage
2015-05-11,2319.00,2323.20,2319.00,2319.00,12.00,Alphavantage
2015-05-12,2280.00,2280.00,2265.10,2280.00,1114.00,Alphavantage
2015-05-18,2313.00,2313.00,2313.00,2313.00,442.00,Alphavantage
2015-05-20,2365.50,2372.05,2365.50,2365.50,268.00,Alphavantage
2015-05-22,2366.50,2366.50,2365.05,2365.05,1780.00,Alphavantage
2015-05-26,2342.00,2342.00,2342.00,2342.00,220.00,Alphavantage
2015-05-27,2329.00,2329.00,2329.00,2329.00,31.00,Alphavantage
2015-05-28,2375.00,2375.00,2369.10,2369.25,134.00,Alphavantage
2015-06-01,2370.00,2380.10,2368.10,2368.10,686.00,Alphavantage
2015-06-02,2358.00,2358.00,2353.30,2353.30,466.00,Alphavantage
2015-06-03,2349.50,2370.00,2349.50,2362.25,5557.00,Alphavantage
2015-06-04,2350.00,2350.00,2348.15,2348.15,84.00,Alphavantage
2015-06-09,2311.50,2311.50,2310.60,2310.60,12.00,Alphavantage
2015-06-11,2319.50,2319.50,2317.60,2317.60,86.00,Alphavantage
2015-06-12,2299.00,2311.30,2299.00,2299.00,258.00,Alphavantage
2015-06-15,2252.50,2275.05,2252.50,2258.25,200.00,Alphavantage
2015-06-22,2282.00,2282.00,2271.80,2274.75,534.00,Alphavantage
2015-06-23,2293.00,2293.00,2293.00,2293.00,1307.00,Alphavantage
2015-06-24,2294.50,2294.50,2282.00,2293.00,1837.00,Alphavantage
2015-06-29,2276.00,2276.00,2276.00,2276.00,10.00,Alphavantage
2015-06-30,2243.50,2243.50,2243.50,2243.50,464.00,Alphavantage
2015-07-03,2265.00,2267.40,2260.00,2266.25,6612.00,Alphavantage
2015-07-07,2233.00,2233.00,2233.00,2233.00,2106.00,Alphavantage
2015-07-08,2181.00,2182.50,2163.00,2170.50,2452.00,Alphavantage
2015-07-09,2190.00,2197.80,2190.00,2190.00,1282.00,Alphavantage
2015-07-10,2200.50,2203.30,2200.50,2200.50,452.00,Alphavantage
2015-07-13,2210.00,2210.00,2204.17,2204.17,1268.00,Alphavantage
2015-07-14,2214.00,2218.90,2202.95,2207.25,1208.00,Alphavantage
2015-07-15,2195.50,2206.60,2195.50,2199.75,72.00,Alphavantage
2015-07-16,2198.00,2211.80,2198.00,2205.00,1328.00,Alphavantage
2015-07-17,2202.50,2210.15,2202.50,2202.50,196.00,Alphavantage
2015-07-20,2205.00,2213.90,2192.00,2202.00,2052.00,Alphavantage
2015-07-23,2200.00,2200.00,2191.70,2200.00,2526.00,Alphavantage
2015-07-24,2210.50,2214.25,2210.50,2210.50,954.00,Alphavantage
2015-07-27,2180.00,2195.70,2180.00,2180.00,250.00,Alphavantage
2015-07-28,2191.00,2191.00,2181.30,2185.00,306.00,Alphavantage
2015-07-29,2173.50,2182.20,2173.50,2182.20,5356.00,Alphavantage
2015-07-31,2242.00,2242.00,2240.25,2240.25,44.00,Alphavantage
2015-08-04,2235.50,2235.50,2223.03,2224.00,674.00,Alphavantage
2015-08-07,2253.00,2253.07,2253.00,2253.00,260.00,Alphavantage
2015-08-10,2258.50,2258.50,2256.65,2256.65,12.00,Alphavantage
2015-08-17,2210.50,2226.00,2210.00,2226.00,2058.00,Alphavantage
2015-08-18,2238.00,2238.00,2225.75,2227.75,2694.00,Alphavantage
2015-08-20,2184.50,2191.15,2184.50,2184.50,518.00,Alphavantage
2015-08-21,2129.50,2151.70,2129.50,2129.50,9864.00,Alphavantage
2015-08-24,2071.50,2071.50,2060.55,2060.55,624.00,Alphavantage
2015-08-25,2086.00,2086.00,2083.95,2083.95,958.00,Alphavantage
2015-08-26,2065.00,2084.40,2064.00,2064.00,2532.00,Alphavantage
2015-08-27,2125.00,2125.00,2115.00,2125.00,1344.00,Alphavantage
2015-08-28,2153.00,2153.00,2152.12,2152.12,376.00,Alphavantage
2015-09-01,2080.00,2082.60,2080.00,2082.60,332.00,Alphavantage
2015-09-03,2142.50,2142.50,2125.90,2139.25,4.00,Alphavantage
2015-09-07,2109.00,2113.90,2109.00,2109.25,396.00,Alphavantage
2015-09-09,2148.50,2164.05,2148.50,2148.50,12.00,Alphavantage
2015-09-10,2130.50,2130.50,2130.00,2130.00,498.00,Alphavantage
2015-09-14,2130.00,2132.50,2130.00,2130.00,610.00,Alphavantage
2015-09-15,2127.00,2127.00,2127.00,2127.00,305.00,Alphavantage
2015-09-18,2124.50,2124.50,2122.00,2124.50,20016.00,Alphavantage
2015-09-21,2127.00,2127.00,2127.00,2127.00,9703.00,Alphavantage
2015-09-28,2152.50,2152.50,2152.50,2152.50,542.00,Alphavantage
2015-09-29,2117.00,2118.90,2117.00,2118.90,1694.00,Alphavantage
2015-09-30,2145.00,2145.00,2143.65,2145.00,2032.00,Alphavantage
2015-10-07,2252.00,2252.00,2252.00,2252.00,7600.00,Alphavantage
2015-10-09,2273.50,2274.25,2273.50,2273.50,12.00,Alphavantage
2015-10-13,2279.00,2279.00,2279.00,2279.00,1035.00,Alphavantage
2015-10-16,2273.50,2273.50,2273.50,2273.50,1000.00,Alphavantage
2015-10-19,2240.00,2243.20,2240.00,2243.20,14.00,Alphavantage
2015-10-20,2254.00,2254.00,2254.00,2254.00,160.00,Alphavantage
2015-10-29,2313.50,2321.15,2313.50,2313.50,24.00,Alphavantage
2015-11-05,2352.00,2352.00,2352.00,2352.00,67.00,Alphavantage
2015-11-09,2331.00,2342.40,2331.00,2331.00,12.00,Alphavantage
2015-11-11,2341.00,2341.70,2341.00,2341.00,84.00,Alphavantage
2015-11-13,2287.00,2293.80,2284.25,2291.00,1674.00,Alphavantage
2015-11-16,2311.00,2311.00,2299.15,2301.25,520.00,Alphavantage
2015-11-30,2383.00,2391.35,2383.00,2387.00,2104.00,Alphavantage
2015-12-01,2380.00,2388.85,2380.00,2388.85,58.00,Alphavantage
2015-12-04,2365.00,2373.50,2365.00,2365.00,3072.00,Alphavantage
2015-12-08,2347.50,2348.00,2347.50,2348.00,790.00,Alphavantage
2015-12-09,2341.50,2358.50,2338.85,2338.85,2078.00,Alphavantage
2015-12-11,2301.50,2320.60,2301.50,2301.50,190.00,Alphavantage
2015-12-16,2350.00,2350.00,2341.20,2341.20,682.00,Alphavantage
2015-12-23,2330.00,2330.00,2323.85,2330.00,418.00,Alphavantage
2015-12-29,2396.50,2396.50,2389.10,2389.10,1024.00,Alphavantage
2015-12-30,2378.00,2378.00,2370.35,2375.25,1682.00,Alphavantage
2016-01-04,2337.00,2337.00,2324.20,2324.20,76.00,Alphavantage
2016-01-11,2268.00,2268.15,2268.00,2268.00,12.00,Alphavantage
2016-01-13,2309.50,2309.50,2309.50,2309.50,805.00,Alphavantage
2016-01-15,2246.50,2247.05,2230.50,2247.05,17032.00,Alphavantage
2016-01-25,2309.00,2311.25,2306.00,2306.00,2166.00,Alphavantage
2016-01-27,2341.00,2341.00,2329.40,2334.50,1720.00,Alphavantage
2016-01-28,2301.50,2320.05,2301.50,2310.75,260.00,Alphavantage
2016-01-29,2373.00,2373.00,2367.35,2373.00,394.00,Alphavantage
2016-02-01,2390.00,2390.00,2382.90,2384.75,4408.00,Alphavantage
2016-02-02,2365.00,2376.30,2350.00,2350.00,4556.00,Alphavantage
2016-02-09,2285.50,2300.50,2264.50,2296.75,217.00,Alphavantage
2016-02-17,2391.00,2391.00,2367.80,2381.25,100.00,Alphavantage
2016-02-18,2383.00,2383.00,2380.00,2383.00,2142.00,Alphavantage
2016-02-19,2387.50,2390.00,2385.00,2388.00,52500.00,Alphavantage
2016-02-26,2468.00,2472.55,2468.00,2468.75,1610.00,Alphavantage
2016-03-01,2477.00,2477.00,2475.55,2475.55,240.00,Alphavantage
2016-03-02,2480.00,2486.05,2480.00,2480.00,320.00,Alphavantage
2016-03-03,2456.00,2483.10,2456.00,2456.00,82.00,Alphavantage
2016-03-07,2454.00,2472.00,2452.90,2464.75,2102.00,Alphavantage
2016-03-08,2459.00,2459.00,2448.00,2448.00,82.00,Alphavantage
2016-03-09,2472.00,2472.00,2452.00,2452.00,52.00,Alphavantage
2016-03-14,2467.00,2467.00,2451.80,2467.00,1532.00,Alphavantage
2016-03-15,2480.00,2480.00,2476.30,2476.30,160.00,Alphavantage
2016-03-17,2485.00,2488.00,2476.60,2488.00,8712.00,Alphavantage
2016-03-22,2516.00,2534.00,2516.00,2522.00,9028.00,Alphavantage
2016-03-23,2539.00,2545.10,2539.00,2539.00,2678.00,Alphavantage
2016-03-24,2500.00,2517.00,2500.00,2502.75,29954.00,Alphavantage
2016-03-29,2519.00,2519.00,2494.00,2510.50,1107.00,Alphavantage
2016-03-30,2522.00,2532.95,2522.00,2532.95,630.00,Alphavantage
2016-03-31,2538.00,2546.60,2538.00,2538.00,7844.00,Alphavantage
2016-04-01,2540.00,2540.00,2520.55,2540.00,202.00,Alphavantage
2016-04-05,2533.00,2533.00,2525.50,2531.00,200.00,Alphavantage
2016-04-06,2542.00,2546.00,2542.00,2544.00,1846.00,Alphavantage
2016-04-08,2588.00,2588.00,2573.50,2582.00,2280.00,Alphavantage
2016-04-11,2571.00,2571.50,2562.50,2563.50,164.00,Alphavantage
2016-04-12,2564.00,2564.00,2551.50,2564.00,40.00,Alphavantage
2016-04-13,2590.00,2591.00,2580.35,2591.00,8644.00,Alphavantage
2016-04-15,2620.00,2620.00,2620.00,2620.00,10612.00,Alphavantage
2016-04-18,2630.00,2630.00,2623.00,2626.50,234.00,Alphavantage
2016-04-19,2637.00,2640.90,2637.00,2637.00,982.00,Alphavantage
2016-04-20,2629.00,2632.80,2619.00,2623.50,3197.00,Alphavantage
2016-04-21,2607.00,2607.00,2604.60,2604.60,160.00,Alphavantage
2016-04-22,2584.00,2587.50,2582.50,2587.50,124.00,Alphavantage
2016-04-25,2574.00,2596.20,2546.45,2574.00,8418.00,Alphavantage
2016-04-26,2561.00,2569.55,2555.05,2565.00,166.00,Alphavantage
2016-04-27,2576.00,2585.40,2570.45,2585.40,64276.00,Alphavantage
2016-04-29,2579.00,2579.00,2568.70,2579.00,47796.00,Alphavantage
2016-05-03,2603.00,2603.00,2590.75,2596.00,272.00,Alphavantage
2016-05-04,2605.00,2605.00,2589.00,2589.00,965.00,Alphavantage
2016-05-05,2577.00,2577.00,2576.50,2576.50,298.00,Alphavantage
2016-05-06,2585.00,2586.00,2571.00,2586.00,1681.00,Alphavantage
2016-05-10,2628.00,2630.20,2619.25,2619.25,1124.00,Alphavantage
2016-05-11,2626.00,2633.95,2617.00,2617.00,3440.00,Alphavantage
2016-05-12,2617.00,2636.65,2617.00,2617.00,1060.00,Alphavantage
2016-05-13,2635.00,2635.00,2633.00,2633.00,1368.00,Alphavantage
2016-05-16,2629.00,2629.00,2617.50,2629.00,222.00,Alphavantage
2016-05-17,2618.00,2635.50,2617.55,2617.55,74.00,Alphavantage
2016-05-18,2567.00,2575.55,2567.00,2575.55,174.00,Alphavantage
2016-05-19,2558.00,2566.40,2558.00,2558.00,2724.00,Alphavantage
2016-05-23,2595.00,2600.48,2595.00,2600.48,286.00,Alphavantage
2016-05-25,2620.00,2620.00,2617.00,2617.00,1024.00,Alphavantage
2016-05-26,2630.00,2630.00,2622.55,2630.00,266.00,Alphavantage
2016-05-27,2635.00,2646.65,2634.95,2645.00,8502.00,Alphavantage
2016-05-31,2664.00,2664.00,2661.85,2661.85,200.00,Alphavantage
2016-06-01,2683.00,2686.05,2683.00,2686.05,402.00,Alphavantage
2016-06-02,2678.00,2693.85,2678.00,2678.00,142.00,Alphavantage
2016-06-03,2694.00,2694.00,2684.95,2684.95,326.00,Alphavantage
2016-06-06,2715.00,2722.00,2714.00,2714.00,2088.00,Alphavantage
2016-06-07,2733.00,2733.00,2733.00,2733.00,552.00,Alphavantage
2016-06-08,2732.00,2732.00,2726.45,2726.50,10.00,Alphavantage
2016-06-09,2731.00,2731.00,2731.00,2731.00,17.00,Alphavantage
2016-06-10,2705.54,2705.54,2705.54,2705.54,158.00,Alphavantage
2016-06-13,2713.00,2728.45,2713.00,2713.00,1002.00,Alphavantage
2016-06-14,2691.00,2691.55,2691.00,2691.55,602.00,Alphavantage
2016-06-15,2704.00,2704.00,2704.00,2704.00,551.00,Alphavantage
2016-06-16,2677.00,2679.00,2676.00,2679.00,8757.00,Alphavantage
2016-06-17,2678.00,2678.00,2670.75,2674.50,330.00,Alphavantage
2016-06-20,2687.00,2687.00,2682.35,2682.35,800.00,Alphavantage
2016-06-21,2672.00,2684.00,2668.00,2684.00,5623.00,Alphavantage
2016-06-22,2684.00,2684.45,2682.00,2682.00,858.00,Alphavantage
2016-06-23,2666.00,2669.80,2656.00,2669.50,1599.00,Alphavantage
2016-06-24,2706.00,2765.00,2706.00,2765.00,2266.00,Alphavantage
2016-06-27,2826.00,2826.00,2784.65,2786.00,15981.00,Alphavantage
2016-06-28,2827.00,2827.00,2794.00,2811.50,607.00,Alphavantage
2016-06-29,2832.00,2849.43,2832.00,2842.00,641.00,Alphavantage
2016-07-01,2945.00,2953.90,2928.60,2947.50,414.00,Alphavantage
2016-07-06,2904.00,2906.45,2898.15,2898.15,162.00,Alphavantage
2016-07-07,2910.00,2913.40,2910.00,2910.00,458.00,Alphavantage
2016-07-08,2900.00,2901.45,2900.00,2901.45,1378.00,Alphavantage
2016-07-11,2958.00,2958.00,2957.30,2957.50,2028.00,Alphavantage
2016-07-12,2919.00,2938.40,2919.00,2919.00,74.00,Alphavantage
2016-07-13,2938.00,2938.00,2911.45,2937.50,84.00,Alphavantage
2016-07-14,2947.00,2955.95,2927.00,2927.00,2323.00,Alphavantage
2016-07-15,2919.00,2919.00,2888.85,2919.00,488.00,Alphavantage
2016-07-18,2924.00,2941.45,2924.00,2924.00,2551.00,Alphavantage
2016-07-19,2944.00,2945.00,2934.45,2939.00,390.00,Alphavantage
2016-07-21,2925.00,2925.00,2925.00,2925.00,30.00,Alphavantage
2016-07-22,2922.00,2951.00,2922.00,2939.50,901.00,Alphavantage
2016-07-25,2933.00,2944.41,2933.00,2938.00,87.00,Alphavantage
2016-07-26,2978.00,2978.00,2969.85,2973.00,66.00,Alphavantage
2016-07-27,2987.00,2996.25,2985.00,2986.00,6371.00,Alphavantage
2016-07-28,2983.00,3022.00,2983.00,2994.00,2234.00,Alphavantage
2016-07-29,2993.00,2993.00,2973.50,2973.50,345.00,Alphavantage
2016-08-01,2971.50,2971.50,2971.50,2971.50,3.00,Alphavantage
2016-08-02,2910.00,2952.40,2910.00,2916.50,600.00,Alphavantage
2016-08-03,2893.00,2905.00,2890.85,2902.00,734.00,Alphavantage
2016-08-04,2960.00,2960.00,2960.00,2960.00,340.00,Alphavantage
2016-08-05,2964.00,2977.50,2956.41,2965.50,8030.00,Alphavantage
2016-08-08,2966.00,2966.00,2961.85,2966.00,930.00,Alphavantage
2016-08-09,2993.00,3001.00,2993.00,2994.00,55.00,Alphavantage
2016-08-10,3002.00,3005.00,2999.50,2999.50,580.00,Alphavantage
2016-08-11,3039.00,3043.00,3026.39,3040.50,219.00,Alphavantage
2016-08-12,3049.00,3056.39,3034.61,3051.50,1423.00,Alphavantage
2016-08-15,3054.39,3069.00,3054.39,3069.00,293.00,Alphavantage
2016-08-16,3066.00,3066.00,3043.00,3043.00,2752.00,Alphavantage
2016-08-17,3018.00,3025.40,3013.00,3013.00,446.00,Alphavantage
2016-08-19,3000.00,3012.00,3000.00,3004.50,76372.00,Alphavantage
2016-08-22,2997.00,3001.40,2997.00,2997.00,52.00,Alphavantage
2016-08-23,3000.00,3010.00,2992.60,3002.00,455.00,Alphavantage
2016-08-24,2996.00,2996.00,2957.00,2964.50,58.00,Alphavantage
2016-08-25,2988.00,2988.00,2984.00,2984.00,2435.00,Alphavantage
2016-08-26,2998.00,2998.00,2983.40,2994.00,204.00,Alphavantage
2016-08-30,2974.00,2981.65,2974.00,2979.50,72.00,Alphavantage
2016-08-31,2984.00,2984.00,2962.60,2962.60,632.00,Alphavantage
2016-09-08,2973.00,2973.00,2972.60,2973.00,184.00,Alphavantage
2016-09-09,2934.00,2976.40,2916.00,2919.50,384.00,Alphavantage
2016-09-12,2879.00,2883.00,2852.00,2883.00,4690.00,Alphavantage
2016-09-13,2907.00,2907.00,2907.00,2907.00,94.00,Alphavantage
2016-09-16,2913.42,2919.00,2913.42,2918.50,3978.00,Alphavantage
2016-09-19,2970.00,2970.00,2961.00,2965.50,2589.00,Alphavantage
2016-09-20,2972.00,3003.00,2972.00,2991.50,599.00,Alphavantage
2016-09-22,3025.39,3025.78,3025.39,3025.78,6415.00,Alphavantage
2016-09-23,3055.00,3068.40,3037.80,3049.00,190.00,Alphavantage
2016-09-26,3035.00,3035.00,3025.61,3028.50,1143.00,Alphavantage
2016-09-27,3031.00,3031.00,3031.00,3031.00,1043.00,Alphavantage
2016-09-28,3049.39,3049.39,3049.39,3049.39,5.00,Alphavantage
2016-09-29,3052.00,3068.60,3052.00,3056.50,1986.00,Alphavantage
2016-09-30,3040.00,3040.00,3032.00,3040.00,1385.00,Alphavantage
2016-10-03,3083.00,3091.05,3058.25,3080.00,627.00,Alphavantage
2016-10-04,3096.00,3100.38,3069.00,3088.00,1861.00,Alphavantage
2016-10-05,3056.00,3056.00,3056.00,3056.00,242.00,Alphavantage
2016-10-07,3099.00,3120.38,3037.76,3071.00,15015.00,Alphavantage
2016-10-10,3082.00,3093.25,3057.75,3077.00,326.00,Alphavantage
2016-10-11,3095.00,3095.00,3076.00,3076.00,1804.00,Alphavantage
2016-10-12,3077.00,3077.00,3058.60,3077.00,1264.00,Alphavantage
2016-10-13,3080.00,3080.00,3076.05,3076.50,96.00,Alphavantage
2016-10-14,3092.00,3092.00,3090.45,3091.50,2.00,Alphavantage
2016-10-17,3092.00,3092.00,3089.25,3089.25,3430.00,Alphavantage
2016-10-18,3101.00,3104.00,3094.35,3094.35,1808.00,Alphavantage
2016-10-19,3073.00,3076.55,3072.60,3076.55,154.00,Alphavantage
2016-10-20,3077.00,3077.00,3074.00,3074.00,54.00,Alphavantage
2016-10-21,3075.00,3079.00,3074.00,3075.50,3255.00,Alphavantage
2016-10-24,3098.00,3098.00,3081.62,3087.00,206.00,Alphavantage
2016-10-25,3073.00,3083.30,3069.00,3069.00,77.00,Alphavantage
2016-10-26,3032.00,3033.40,3029.61,3029.61,32370.00,Alphavantage
2016-10-27,3037.00,3037.00,3025.00,3029.00,604.00,Alphavantage
2016-10-28,3017.00,3044.00,3016.00,3044.00,928.00,Alphavantage
2016-11-01,3003.00,3033.00,3003.00,3003.00,3778.00,Alphavantage
2016-11-02,2954.00,2990.40,2942.00,2961.50,3523.00,Alphavantage
2016-11-03,2915.00,2928.55,2878.90,2904.00,8641.00,Alphavantage
2016-11-04,2881.00,2881.00,2875.60,2881.00,113.00,Alphavantage
2016-11-07,2922.00,2922.00,2916.85,2922.00,2617.00,Alphavantage
2016-11-08,2946.00,2953.00,2943.35,2952.00,4240.00,Alphavantage
2016-11-09,2926.00,2959.05,2915.00,2943.50,2741.00,Alphavantage
2016-11-10,2944.00,2953.15,2944.00,2944.00,10.00,Alphavantage
2016-11-11,2921.00,2940.80,2918.00,2918.00,474.00,Alphavantage
2016-11-14,2936.00,2963.95,2907.00,2912.00,1196.00,Alphavantage
2016-11-15,2938.00,2938.00,2930.00,2931.00,1524.00,Alphavantage
2016-11-16,2925.00,2929.00,2925.00,2927.50,855.00,Alphavantage
2016-11-17,2954.00,2954.40,2954.00,2954.00,236.00,Alphavantage
2016-11-18,2969.00,2969.00,2936.60,2967.50,3837.00,Alphavantage
2016-11-21,2966.00,2976.05,2956.23,2956.23,10130.00,Alphavantage
2016-11-22,2965.00,2969.00,2961.60,2969.00,1081.00,Alphavantage
2016-11-23,2985.00,2997.40,2985.00,2985.00,744.00,Alphavantage
2016-11-28,2964.00,2967.55,2964.00,2964.00,96.00,Alphavantage
2016-11-30,2950.00,2950.00,2928.00,2928.00,1764.00,Alphavantage
2016-12-01,2880.00,2902.65,2843.60,2880.50,489.00,Alphavantage
2016-12-05,2866.43,2866.43,2861.00,2861.00,2695.00,Alphavantage
2016-12-06,2863.00,2863.00,2863.00,2863.00,75.00,Alphavantage
2016-12-07,2897.00,2898.00,2897.00,2898.00,2338.00,Alphavantage
2016-12-12,2921.00,2921.20,2921.00,2921.00,10.00,Alphavantage
2016-12-15,2919.00,2919.00,2897.85,2919.00,2368.00,Alphavantage
2016-12-16,2915.00,2915.00,2915.00,2915.00,2.00,Alphavantage
2016-12-19,2944.00,2944.00,2942.50,2942.50,338.00,Alphavantage
2016-12-20,2952.00,2952.00,2943.40,2945.50,22.00,Alphavantage
2016-12-21,2940.00,2940.00,2932.75,2940.00,48.00,Alphavantage
2016-12-22,2942.00,2942.00,2937.70,2942.00,246.00,Alphavantage
2016-12-23,2950.00,2950.00,2949.85,2950.00,410.00,Alphavantage
2016-12-28,2968.00,2980.95,2963.59,2964.00,353.00,Alphavantage
2016-12-29,2955.00,2955.00,2948.30,2949.50,244.00,Alphavantage
2017-01-03,2964.00,2964.00,2939.00,2942.00,1917.00,Alphavantage
2017-01-04,2965.00,2977.00,2960.00,2970.50,410.00,Alphavantage
2017-01-05,2969.00,2976.45,2953.50,2953.50,43.00,Alphavantage
2017-01-06,2974.00,2974.00,2957.65,2971.50,136.00,Alphavantage
2017-01-09,3000.00,3000.00,2992.00,2992.00,1546.00,Alphavantage
2017-01-11,2981.00,2999.00,2981.00,2993.50,208.00,Alphavantage
2017-01-13,2977.00,3000.00,2977.00,2996.00,387.00,Alphavantage
2017-01-16,3014.00,3014.00,3011.75,3014.00,2606.00,Alphavantage
2017-01-17,2958.00,2958.00,2954.60,2958.00,178.00,Alphavantage
2017-01-18,2979.00,2980.00,2965.75,2974.50,91993.00,Alphavantage
2017-01-19,2968.00,2968.20,2957.55,2968.20,678.00,Alphavantage
2017-01-20,2959.00,2964.85,2959.00,2962.00,94.00,Alphavantage
2017-01-23,2950.00,2958.00,2930.00,2935.00,1819.00,Alphavantage
2017-01-24,2950.00,2950.00,2946.00,2950.00,3955.00,Alphavantage
2017-01-25,2964.00,2964.00,2961.40,2964.00,129.00,Alphavantage
2017-01-26,2964.00,2966.45,2964.00,2965.50,180.00,Alphavantage
2017-01-30,2966.00,2967.95,2957.00,2957.00,777.00,Alphavantage
2017-02-01,2956.00,2956.00,2925.00,2925.00,160.00,Alphavantage
2017-02-02,2900.00,2900.00,2890.00,2900.00,1365.00,Alphavantage
2017-02-03,2955.00,2955.00,2955.00,2955.00,200.00,Alphavantage
2017-02-06,2980.00,2980.00,2970.00,2970.00,3274.00,Alphavantage
2017-02-07,2965.00,2990.00,2963.55,2968.00,894.00,Alphavantage
2017-02-08,2964.00,2979.50,2955.60,2979.50,1121.00,Alphavantage
2017-02-09,2961.00,2973.00,2960.80,2971.50,793.00,Alphavantage
2017-02-10,2985.00,2994.40,2981.99,2991.00,2830.00,Alphavantage
2017-02-13,3004.00,3004.00,2995.40,2998.50,5104.00,Alphavantage
2017-02-15,2982.00,2982.00,2973.59,2980.00,500.00,Alphavantage
2017-02-16,2986.00,2986.00,2983.50,2984.00,266.00,Alphavantage
2017-02-17,2995.00,2999.55,2978.50,2986.50,388.00,Alphavantage
2017-02-20,2984.00,2986.00,2981.60,2986.00,2555.00,Alphavantage
2017-02-21,3008.00,3008.00,3001.00,3004.00,1766.00,Alphavantage
2017-02-23,2979.00,3003.35,2979.00,2979.00,1740.00,Alphavantage
2017-02-27,3023.00,3023.30,3002.55,3016.50,292.00,Alphavantage
2017-02-28,3030.00,3038.50,3025.60,3038.50,507.00,Alphavantage
2017-03-01,3078.00,3078.00,3039.61,3078.00,351.00,Alphavantage
2017-03-06,3080.00,3080.00,3079.60,3080.00,1378.00,Alphavantage
2017-03-07,3096.00,3099.25,3083.60,3085.50,618.00,Alphavantage
2017-03-08,3080.00,3080.00,3075.65,3080.00,814.00,Alphavantage
2017-03-09,3084.00,3084.40,3084.00,3084.40,1296.00,Alphavantage
2017-03-10,3098.00,3104.55,3079.20,3099.00,491.00,Alphavantage
2017-03-13,3090.00,3106.00,3090.00,3100.00,424.00,Alphavantage
2017-03-14,3124.00,3124.00,3087.45,3096.50,2826.00,Alphavantage
2017-03-15,3118.00,3118.35,3118.00,3118.00,32.00,Alphavantage
2017-03-16,3122.00,3143.60,3112.00,3114.50,2073.00,Alphavantage
2017-03-20,3115.00,3115.00,3107.95,3115.00,304.00,Alphavantage
2017-03-22,3074.00,3091.00,3074.00,3089.50,325.00,Alphavantage
2017-03-23,3104.00,3108.00,3098.15,3102.00,342.00,Alphavantage
2017-03-28,3101.00,3105.80,3094.40,3105.80,725.00,Alphavantage
2017-03-29,3125.00,3149.15,3120.85,3131.50,880.00,Alphavantage
2017-03-30,3134.97,3134.97,3134.97,3134.97,40215.00,Alphavantage
2017-03-31,3117.00,3117.00,3106.00,3110.50,1264.00,Alphavantage
2017-04-03,3116.00,3144.00,3110.00,3112.50,2818.00,Alphavantage
2017-04-04,3115.00,3124.00,3110.65,3119.00,1158.00,Alphavantage
2017-04-05,3108.00,3119.50,3103.70,3119.50,1538.00,Alphavantage
2017-04-06,3101.00,3108.50,3100.00,3108.50,1059.00,Alphavantage
2017-04-07,3129.00,3135.00,3129.00,3135.00,361.00,Alphavantage
2017-04-10,3144.00,3144.00,3122.85,3137.50,666.00,Alphavantage
2017-04-11,3117.00,3134.25,3117.00,3117.00,8.00,Alphavantage
2017-04-12,3130.00,3130.00,3127.00,3127.00,142.00,Alphavantage
2017-04-13,3116.00,3116.00,3110.45,3116.00,620.00,Alphavantage
2017-04-18,3064.00,3077.38,3060.65,3071.00,519.00,Alphavantage
2017-04-19,3069.00,3073.00,3069.00,3069.00,250.00,Alphavantage
2017-04-21,3071.00,3089.00,3071.00,3088.50,1175.00,Alphavantage
2017-04-24,3140.00,3150.40,3129.35,3135.00,422.00,Alphavantage
2017-04-26,3148.00,3150.90,3148.00,3150.90,18.00,Alphavantage
2017-04-27,3156.00,3157.40,3156.00,3156.00,76.00,Alphavantage
2017-04-28,3131.00,3148.00,3129.85,3139.50,136895.00,Alphavantage
2017-05-02,3152.00,3154.40,3131.40,3133.50,3478.00,Alphavantage
2017-05-03,3124.62,3134.37,3124.62,3134.37,232.00,Alphavantage
2017-05-04,3157.00,3169.40,3156.60,3156.60,1994.00,Alphavantage
2017-05-05,3137.00,3171.68,3135.55,3163.00,23869.00,Alphavantage
2017-05-08,3179.00,3179.00,3167.80,3174.00,450.00,Alphavantage
2017-05-09,3172.00,3177.50,3168.00,3171.50,432.00,Alphavantage
2017-05-10,3156.00,3156.00,3156.00,3156.00,17.00,Alphavantage
2017-05-11,3142.00,3154.45,3140.41,3143.50,5314.00,Alphavantage
2017-05-12,3149.00,3151.00,3149.00,3151.00,100.00,Alphavantage
2017-05-15,3163.00,3163.00,3145.20,3163.00,662.00,Alphavantage
2017-05-16,3161.00,3164.00,3161.00,3161.00,1611.00,Alphavantage
2017-05-17,3144.00,3144.00,3131.00,3136.50,493.00,Alphavantage
2017-05-18,3128.00,3128.46,3117.60,3128.46,1012.00,Alphavantage
2017-05-19,3151.00,3152.00,3139.35,3146.50,1153.00,Alphavantage
2017-05-22,3160.00,3165.00,3158.00,3165.00,1606.00,Alphavantage
2017-05-23,3185.00,3187.00,3182.40,3182.40,810.00,Alphavantage
2017-05-24,3201.00,3201.00,3177.65,3197.50,580.00,Alphavantage
2017-05-25,3205.00,3212.00,3195.70,3199.50,680.00,Alphavantage
2017-05-30,3213.00,3221.00,3210.00,3219.00,3142.00,Alphavantage
2017-06-01,3242.00,3250.70,3233.45,3233.45,924.00,Alphavantage
2017-06-06,3231.00,3232.20,3231.00,3231.00,200.00,Alphavantage
2017-06-08,3203.00,3207.20,3203.00,3203.00,106.00,Alphavantage
2017-06-12,3248.00,3273.00,3247.00,3270.00,4022.00,Alphavantage
2017-06-13,3281.00,3283.85,3269.00,3277.00,3813.00,Alphavantage
2017-06-14,3276.00,3294.00,3270.24,3280.50,1358.00,Alphavantage
2017-06-15,3269.00,3274.73,3269.00,3269.00,44.00,Alphavantage
2017-06-16,3275.00,3282.55,3265.92,3265.92,669.00,Alphavantage
2017-06-20,3285.00,3298.00,3284.00,3288.50,1943.00,Alphavantage
2017-06-21,3290.00,3290.00,3264.00,3264.00,4282.00,Alphavantage
2017-06-22,3258.00,3260.00,3258.00,3258.00,855.00,Alphavantage
2017-06-23,3249.00,3260.00,3249.00,3256.00,561.00,Alphavantage
2017-06-26,3256.00,3277.00,3253.00,3266.00,2138.00,Alphavantage
2017-06-27,3265.00,3265.00,3238.00,3238.00,2394.00,Alphavantage
2017-06-28,3220.00,3234.00,3198.00,3204.50,1488.00,Alphavantage
2017-06-29,3187.00,3187.00,3165.00,3165.00,551.00,Alphavantage
2017-06-30,3153.00,3166.00,3151.00,3159.50,1212.00,Alphavantage
2017-07-03,3161.00,3183.00,3161.00,3180.00,385.00,Alphavantage
2017-07-04,3170.00,3175.00,3163.00,3163.50,1450.00,Alphavantage
2017-07-05,3162.00,3167.00,3160.00,3160.00,2354.00,Alphavantage
2017-07-07,3170.00,3170.00,3170.00,3170.00,164.00,Alphavantage
2017-07-10,3186.00,3197.00,3186.00,3190.00,1054.00,Alphavantage
2017-07-11,3183.00,3197.00,3182.00,3185.00,474.00,Alphavantage
2017-07-12,3169.00,3169.00,3169.00,3169.00,1012.00,Alphavantage
2017-07-13,3172.00,3177.00,3159.00,3165.50,935.00,Alphavantage
2017-07-14,3148.00,3148.00,3148.00,3148.00,377.00,Alphavantage
2017-07-17,3152.00,3156.00,3152.00,3156.00,88.00,Alphavantage
2017-07-18,3169.00,3179.00,3167.00,3167.00,1799.00,Alphavantage
2017-07-19,3174.00,3174.00,3173.00,3173.00,24.00,Alphavantage
2017-07-20,3199.00,3209.00,3193.00,3193.00,1054.00,Alphavantage
2017-07-21,3196.00,3199.00,3175.00,3189.00,3369.00,Alphavantage
2017-07-24,3200.00,3200.00,3162.00,3162.00,781.00,Alphavantage
2017-07-25,3168.00,3168.00,3150.00,3150.00,2593.00,Alphavantage
2017-07-26,3153.00,3153.00,3145.00,3145.00,150.00,Alphavantage
2017-07-27,3112.00,3112.00,3112.00,3112.00,2066.00,Alphavantage
2017-07-28,3127.00,3127.00,3105.00,3105.00,5698.00,Alphavantage
2017-07-31,3131.00,3139.00,3116.00,3116.00,1005.00,Alphavantage
2017-08-01,3107.00,3123.00,3107.00,3114.50,1478.00,Alphavantage
2017-08-02,3108.00,3122.00,3104.00,3119.00,930.00,Alphavantage
2017-08-03,3125.00,3156.00,3124.00,3134.50,1775.00,Alphavantage
2017-08-04,3140.00,3172.00,3140.00,3168.00,6748.00,Alphavantage
2017-08-07,3179.00,3184.00,3175.00,3177.50,2505.00,Alphavantage
2017-08-09,3160.00,3170.00,3160.00,3168.50,181.00,Alphavantage
2017-08-10,3175.00,3175.00,3144.00,3148.50,41175.00,Alphavantage
2017-08-11,3145.00,3147.00,3130.00,3139.50,2892.00,Alphavantage
2017-08-14,3138.00,3141.00,3138.00,3141.00,1085.00,Alphavantage
2017-08-16,3182.00,3192.00,3182.00,3191.00,1205.00,Alphavantage
2017-08-17,3166.00,3170.76,3165.00,3165.00,3374.00,Alphavantage
2017-08-18,3132.00,3140.00,3124.24,3140.00,378.00,Alphavantage
2017-08-21,3141.00,3145.00,3134.00,3141.00,1685.00,Alphavantage
2017-08-22,3159.00,3176.67,3159.00,3174.50,2219.00,Alphavantage
2017-08-23,3182.00,3184.00,3182.00,3182.00,323.00,Alphavantage
2017-08-24,3184.00,3189.00,3165.27,3171.50,810.00,Alphavantage
2017-08-25,3171.00,3177.55,3168.00,3168.00,38.00,Alphavantage
2017-08-29,3144.00,3145.00,3125.00,3140.00,5926.00,Alphavantage
2017-08-30,3147.00,3156.00,3145.00,3150.00,4668.00,Alphavantage
2017-08-31,3162.00,3171.00,3161.00,3169.00,676.00,Alphavantage
2017-09-01,3171.00,3171.00,3167.00,3167.00,1049.00,Alphavantage
2017-09-04,3161.00,3162.00,3155.00,3160.00,407.00,Alphavantage
2017-09-05,3169.00,3172.00,3149.00,3149.00,2794.00,Alphavantage
2017-09-06,3141.00,3146.00,3140.00,3140.00,1685.00,Alphavantage
2017-09-07,3147.00,3147.00,3143.00,3143.00,976.00,Alphavantage
2017-09-08,3140.00,3147.00,3124.00,3142.50,2177.00,Alphavantage
2017-09-11,3163.00,3177.00,3159.00,3169.50,2155.00,Alphavantage
2017-09-12,3158.00,3158.00,3151.00,3151.50,695.00,Alphavantage
2017-09-13,3144.00,3150.00,3144.00,3147.50,3627.00,Alphavantage
2017-09-14,3111.00,3120.00,3111.00,3111.00,1560.00,Alphavantage
2017-09-15,3106.00,3115.00,3074.00,3074.00,3799.00,Alphavantage
2017-09-18,3079.00,3098.00,3079.00,3095.00,1723.00,Alphavantage
2017-09-19,3093.00,3112.00,3093.00,3098.50,3607.00,Alphavantage
2017-09-20,3098.00,3106.00,3094.00,3106.00,1944.00,Alphavantage
2017-09-21,3108.00,3108.00,3095.00,3095.00,1248.00,Alphavantage
2017-09-22,3081.00,3109.00,3079.00,3103.00,1776.00,Alphavantage
2017-09-25,3103.00,3108.00,3097.82,3106.00,2447.00,Alphavantage
2017-09-26,3108.00,3122.00,3108.00,3117.00,1516.00,Alphavantage
2017-09-27,3111.00,3111.00,3094.00,3094.00,918.00,Alphavantage
2017-09-28,3110.00,3114.00,3104.00,3104.00,920.00,Alphavantage
2017-09-29,3125.00,3132.00,3115.00,3129.00,3880.00,Alphavantage
2017-10-02,3143.00,3173.00,3137.00,3169.00,2029.00,Alphavantage
2017-10-03,3178.00,3187.00,3173.00,3178.00,1169.00,Alphavantage
2017-10-04,3198.00,3198.00,3188.00,3191.00,2198.00,Alphavantage
2017-10-05,3224.00,3232.00,3219.00,3228.00,4115.00,Alphavantage
2017-10-06,3248.00,3258.00,3242.00,3255.00,2505.00,Alphavantage
2017-10-09,3248.00,3256.00,3237.79,3249.00,1088.00,Alphavantage
2017-10-10,3238.00,3239.00,3231.00,3231.00,2520.00,Alphavantage
2017-10-11,3228.00,3240.00,3225.00,3232.50,1946.00,Alphavantage
2017-10-12,3235.00,3255.00,3225.00,3246.50,4136.00,Alphavantage
2017-10-13,3226.00,3235.00,3225.00,3225.00,8724.00,Alphavantage
2017-10-16,3222.00,3232.00,3219.00,3230.50,3764.00,Alphavantage
2017-10-17,3221.00,3242.00,3221.00,3240.50,1350.00,Alphavantage
2017-10-18,3236.00,3247.00,3236.00,3241.00,759.00,Alphavantage
2017-10-19,3234.00,3246.00,3231.24,3240.50,3715.00,Alphavantage
2017-10-20,3258.00,3258.00,3250.00,3250.50,682.00,Alphavantage
2017-10-23,3255.00,3279.00,3255.00,3268.50,3721.00,Alphavantage
2017-10-25,3272.00,3281.64,3215.00,3216.00,959.00,Alphavantage
2017-10-26,3221.00,3256.00,3220.36,3255.50,1636.00,Alphavantage
2017-10-27,3279.00,3282.00,3278.00,3278.00,2827.00,Alphavantage
2017-10-30,3272.00,3274.67,3254.00,3254.00,6191.00,Alphavantage
2017-10-31,3263.00,3263.00,3236.00,3240.50,5007.00,Alphavantage
2017-11-01,3237.00,3245.00,3230.00,3235.00,799.00,Alphavantage
2017-11-02,3246.00,3278.00,3240.00,3278.00,3885.00,Alphavantage
2017-11-03,3286.00,3286.00,3277.00,3278.50,694.00,Alphavantage
2017-11-06,3264.00,3274.00,3263.00,3268.50,3674.00,Alphavantage
2017-11-07,3265.00,3271.00,3253.36,3263.00,1550.00,Alphavantage
2017-11-08,3270.00,3277.00,3269.00,3277.00,2457.00,Alphavantage
2017-11-09,3277.00,3280.00,3264.00,3264.00,12929.00,Alphavantage
2017-11-10,3243.00,3243.76,3223.00,3223.00,3364.00,Alphavantage
2017-11-13,3242.00,3242.00,3239.70,3242.00,36.00,Alphavantage
2017-11-14,3255.00,3255.00,3246.00,3248.00,478.00,Alphavantage
2017-11-15,3229.00,3240.00,3229.00,3232.50,4668.00,Alphavantage
2017-11-16,3229.00,3245.00,3225.00,3241.00,2788.00,Alphavantage
2017-11-17,3229.00,3229.00,3211.00,3221.00,867.00,Alphavantage
2017-11-20,3210.00,3218.00,3200.00,3212.50,3442.00,Alphavantage
2017-11-21,3221.00,3221.00,3220.00,3221.00,921.00,Alphavantage
2017-11-23,3242.00,3242.00,3231.58,3238.00,718.00,Alphavantage
2017-11-27,3230.00,3240.00,3230.00,3235.50,316.00,Alphavantage
2017-11-28,3256.00,3287.00,3250.26,3278.50,2039.00,Alphavantage
2017-11-29,3268.00,3268.00,3253.00,3254.00,502.00,Alphavantage
2017-11-30,3262.00,3262.00,3259.00,3262.00,2371.00,Alphavantage
2017-12-01,3273.00,3277.00,3255.00,3255.00,7672.00,Alphavantage
2017-12-04,3270.00,3270.00,3254.00,3270.00,1285.00,Alphavantage
2017-12-05,3291.00,3296.00,3272.00,3274.50,5092.00,Alphavantage
2017-12-06,3247.00,3268.00,3247.00,3268.00,2415.00,Alphavantage
2017-12-07,3277.00,3277.00,3262.00,3266.00,1079.00,Alphavantage
2017-12-08,3256.00,3279.00,3256.00,3273.00,189.00,Alphavantage
2017-12-11,3288.00,3293.00,3277.00,3283.00,1242.00,Alphavantage
2017-12-12,3280.50,3280.50,3280.50,3280.50,147.00,Alphavantage
2017-12-13,3281.00,3281.00,3264.00,3269.50,899.00,Alphavantage
2017-12-14,3250.00,3250.00,3247.00,3247.00,148.00,Alphavantage
2017-12-15,3253.00,3277.00,3253.00,3275.50,924.00,Alphavantage
2017-12-18,3288.00,3288.00,3288.00,3288.00,60.00,Alphavantage
2017-12-19,3279.00,3279.00,3279.00,3279.00,205.00,Alphavantage
2017-12-27,3302.00,3320.00,3302.00,3320.00,211.00,Alphavantage
2018-01-02,3323.50,3323.50,3279.00,3281.00,487.00,Alphavantage
2018-01-03,3295.00,3295.00,3295.00,3295.00,1.00,Alphavantage
2018-01-04,3300.00,3313.00,3300.00,3308.50,990.00,Alphavantage
2018-01-05,3310.00,3319.00,3310.00,3313.50,258.00,Alphavantage
2018-01-08,3319.00,3332.00,3318.00,3318.00,2999.00,Alphavantage
2018-01-09,3318.00,3322.00,3311.80,3319.50,1997.00,Alphavantage
2018-01-10,3321.00,3321.00,3288.00,3288.00,1211.00,Alphavantage
2018-01-11,3299.00,3299.00,3285.00,3285.00,2296.00,Alphavantage
2018-01-12,3290.00,3291.00,3251.00,3257.00,1861.00,Alphavantage
2018-01-16,3254.00,3271.00,3251.00,3261.50,850.00,Alphavantage
2018-01-17,3254.00,3254.00,3245.00,3245.50,818.00,Alphavantage
2018-01-18,3248.00,3253.00,3248.00,3248.00,5581.00,Alphavantage
2018-01-19,3265.00,3281.00,3265.00,3279.50,559.00,Alphavantage
2018-01-22,3278.00,3278.00,3269.00,3269.00,1053.00,Alphavantage
2018-01-23,3272.00,3281.00,3263.00,3266.00,18168.00,Alphavantage
2018-01-24,3227.00,3227.00,3221.00,3221.00,506.00,Alphavantage
2018-01-25,3184.00,3205.00,3184.00,3202.00,1659.00,Alphavantage
2018-01-26,3221.00,3229.00,3220.00,3229.00,295.00,Alphavantage
2018-01-29,3239.00,3243.82,3220.38,3225.50,567.00,Alphavantage
2018-01-31,3202.00,3209.86,3192.16,3192.16,769.00,Alphavantage
2018-02-01,3178.00,3178.00,3158.00,3163.00,2932.00,Alphavantage
2018-02-02,3146.00,3150.82,3091.88,3149.00,462.00,Alphavantage
2018-02-05,3118.00,3131.70,3097.46,3115.50,2640.00,Alphavantage
2018-02-06,3093.00,3093.00,2999.32,3006.50,536.00,Alphavantage
2018-02-07,3035.00,3045.80,3035.00,3045.80,561.00,Alphavantage
2018-02-08,3014.00,3014.00,3007.17,3014.00,340.00,Alphavantage
2018-02-09,2988.00,2989.84,2988.00,2988.00,224.00,Alphavantage
2018-02-12,3014.00,3028.00,3014.00,3028.00,2892.00,Alphavantage
2018-02-13,3002.75,3002.75,3002.75,3002.75,168.00,Alphavantage
2018-02-14,3003.00,3020.00,3003.00,3014.00,9914.00,Alphavantage
2018-02-16,3049.00,3080.00,3047.00,3080.00,8278.00,Alphavantage
2018-02-19,3087.00,3091.92,3054.28,3068.50,18425.00,Alphavantage
2018-02-20,3056.00,3056.00,3056.00,3056.00,30.00,Alphavantage
2018-02-23,3103.00,3103.00,3103.00,3103.00,31.00,Alphavantage
2018-02-26,3118.00,3118.00,3118.00,3118.00,1474.00,Alphavantage
2018-03-01,3078.00,3089.00,3077.00,3078.00,268.00,Alphavantage
2018-03-02,3052.00,3052.00,3015.00,3022.50,56.00,Alphavantage
2018-03-05,3030.00,3030.00,3030.00,3030.00,2.00,Alphavantage
2018-03-06,3069.00,3069.00,3063.82,3063.82,418.00,Alphavantage
2018-03-07,3067.00,3067.00,3067.00,3067.00,2.00,Alphavantage
2018-03-08,3107.00,3107.00,3107.00,3107.00,8.00,Alphavantage
2018-03-12,3170.00,3170.00,3158.00,3158.00,99.00,Alphavantage
2018-03-14,3114.70,3114.70,3114.70,3114.70,1073.00,Alphavantage
2018-03-15,3109.08,3109.08,3109.08,3109.08,800.00,Alphavantage
2018-03-16,3126.00,3126.00,3124.00,3124.00,426.00,Alphavantage
2018-03-19,3073.00,3073.00,3073.00,3073.00,698.00,Alphavantage
2018-03-20,3075.00,3075.00,3075.00,3075.00,265.00,Alphavantage
2018-03-22,3053.00,3053.00,3053.00,3053.00,492.00,Alphavantage
2018-03-23,2980.00,2982.00,2980.00,2982.00,246.00,Alphavantage
2018-03-26,2974.00,2974.00,2954.00,2954.50,35.00,Alphavantage
2018-03-29,3018.00,3018.00,3018.00,3018.00,46.00,Alphavantage
2018-04-03,3001.00,3005.00,2988.00,2996.50,8927.00,Alphavantage
2018-04-04,2985.00,2985.00,2985.00,2985.00,130.00,Alphavantage
2018-04-05,3078.00,3078.00,3063.70,3075.50,195.00,Alphavantage
2018-04-06,3044.00,3044.00,3044.00,3044.00,30.00,Alphavantage
2018-04-09,3037.00,3041.00,3037.00,3037.50,12.00,Alphavantage
2018-04-11,3002.00,3019.00,3002.00,3013.50,1666.00,Alphavantage
2018-04-17,3050.00,3050.00,3040.00,3045.50,1455.00,Alphavantage
2018-04-19,3060.00,3060.00,3052.00,3060.00,89.00,Alphavantage
2018-04-23,3090.00,3099.00,3088.00,3094.50,79.00,Alphavantage
2018-04-24,3094.00,3094.00,3072.00,3072.00,5264.00,Alphavantage
2018-04-27,3088.00,3095.00,3088.00,3095.00,352.00,Alphavantage
2018-04-30,3095.00,3095.00,3095.00,3095.00,2480.00,Alphavantage
2018-05-01,3067.18,3070.10,3067.18,3070.00,586.00,Alphavantage
2018-05-02,3087.00,3100.00,3087.00,3100.00,257.00,Alphavantage
2018-05-03,3095.00,3095.00,3094.00,3095.00,7486.00,Alphavantage
2018-05-04,3131.00,3131.00,3120.84,3129.00,570.00,Alphavantage
2018-05-08,3145.00,3151.82,3144.00,3145.50,1527.00,Alphavantage
2018-05-10,3164.00,3164.00,3157.00,3158.00,325.00,Alphavantage
2018-05-11,3146.00,3146.00,3146.00,3146.00,876.00,Alphavantage
2018-05-14,3135.00,3135.00,3135.00,3135.00,316.00,Alphavantage
2018-05-15,3115.50,3115.50,3115.50,3115.50,12532.00,Alphavantage
2018-05-17,3131.00,3131.00,3131.00,3131.00,190.00,Alphavantage
2018-05-22,3167.00,3167.00,3167.00,3167.00,314.00,Alphavantage
2018-05-23,3164.00,3165.00,3164.00,3164.00,376.00,Alphavantage
2018-05-25,3180.00,3180.00,3173.29,3178.50,871.00,Alphavantage
2018-05-29,3174.00,3174.00,3146.12,3163.00,1996.00,Alphavantage
2018-05-31,3147.00,3147.00,3147.00,3147.00,314.00,Alphavantage
2018-06-01,3154.00,3154.00,3142.24,3142.24,25.00,Alphavantage
2018-06-04,3162.00,3162.00,3162.00,3162.00,2.00,Alphavantage
2018-06-05,3129.00,3129.00,3129.00,3129.00,1595.00,Alphavantage
2018-06-06,3115.00,3115.00,3106.90,3111.00,8.00,Alphavantage
2018-06-07,3130.00,3130.00,3130.00,3130.00,2.00,Alphavantage
2018-06-08,3122.00,3132.00,3122.00,3124.50,333.00,Alphavantage
2018-06-11,3144.00,3144.00,3144.00,3144.00,282.00,Alphavantage
2018-06-12,3139.00,3139.00,3139.00,3139.00,252.00,Alphavantage
2018-06-13,3136.00,3136.00,3132.12,3135.00,93.00,Alphavantage
2018-06-14,3115.09,3115.09,3115.09,3115.09,2136.00,Alphavantage
2018-06-18,3099.00,3099.00,3099.00,3099.00,141.00,Alphavantage
2018-06-19,3087.00,3087.00,3087.00,3087.00,260.00,Alphavantage
2018-06-22,3060.00,3060.00,3052.06,3060.00,510.00,Alphavantage
2018-06-25,3038.00,3038.00,3038.00,3038.00,232.00,Alphavantage
2018-06-28,3062.00,3073.00,3062.00,3069.00,448.00,Alphavantage
2018-07-02,3047.00,3058.00,3045.16,3052.00,32.00,Alphavantage
2018-07-03,3085.00,3085.00,3085.00,3085.00,2.00,Alphavantage
2018-07-04,3080.00,3080.00,3061.00,3064.50,830.00,Alphavantage
2018-07-05,3066.00,3066.00,3066.00,3066.00,2.00,Alphavantage
2018-07-06,3092.00,3092.00,3087.00,3092.00,387.00,Alphavantage
2018-07-11,3034.00,3035.00,3034.00,3034.00,789.00,Alphavantage
2018-07-17,3076.00,3076.00,3053.38,3072.50,53.00,Alphavantage
2018-07-18,3091.00,3093.00,3091.00,3093.00,1520.00,Alphavantage
2018-07-19,3093.00,3106.00,3093.00,3100.00,1342.00,Alphavantage
2018-07-20,3105.00,3117.00,3102.00,3115.00,3358.00,Alphavantage
2018-07-23,3095.00,3097.00,3095.00,3095.00,42.00,Alphavantage
2018-07-25,3097.00,3097.00,3084.00,3084.00,839.00,Alphavantage
2018-07-27,3143.00,3143.00,3143.00,3143.00,124.00,Alphavantage
2018-07-30,3123.00,3133.00,3123.00,3133.00,286.00,Alphavantage
2018-07-31,3171.00,3177.00,3171.00,3171.00,474.00,Alphavantage
2018-08-01,3130.00,3130.00,3110.00,3117.50,28.00,Alphavantage
2018-08-02,3120.00,3120.00,3109.18,3109.18,908.00,Alphavantage
2018-08-03,3126.00,3126.00,3121.80,3126.00,910.00,Alphavantage
2018-08-06,3155.82,3155.82,3155.82,3155.82,1.00,Alphavantage
2018-08-07,3174.00,3174.00,3168.00,3172.00,163.00,Alphavantage
2018-08-08,3176.00,3180.00,3176.00,3178.00,12.00,Alphavantage
2018-08-09,3180.70,3197.75,3180.70,3197.75,5924.00,Alphavantage
2018-08-10,3188.32,3188.32,3188.32,3188.32,170.00,Alphavantage
2018-08-13,3169.00,3173.91,3166.00,3166.50,165.00,Alphavantage
2018-08-15,3164.43,3164.62,3164.43,3164.43,1956.00,Alphavantage
2018-08-16,3163.00,3168.00,3160.08,3168.00,392.00,Alphavantage
2018-08-20,3199.00,3203.89,3199.00,3199.00,75.00,Alphavantage
2018-08-21,3195.00,3209.80,3195.00,3195.00,62.00,Alphavantage
2018-08-28,3192.00,3215.00,3192.00,3209.50,137.00,Alphavantage
2018-08-29,3210.68,3210.68,3198.99,3198.99,299.00,Alphavantage
2018-08-31,3176.00,3183.18,3176.00,3176.00,254.00,Alphavantage
2018-09-03,3187.14,3195.06,3180.18,3191.50,22.00,Alphavantage
2018-09-04,3193.00,3193.00,3181.00,3181.00,16.00,Alphavantage
2018-09-05,3154.00,3178.34,3154.00,3172.00,1533.00,Alphavantage
2018-09-06,3163.00,3163.00,3163.00,3163.00,1.00,Alphavantage
2018-09-07,3155.00,3162.00,3155.00,3159.50,8.00,Alphavantage
2018-09-10,3161.84,3161.84,3161.84,3161.84,2264.00,Alphavantage
2018-09-11,3151.00,3160.00,3151.00,3159.00,2.00,Alphavantage
2018-09-13,3171.00,3171.00,3168.00,3168.00,62.00,Alphavantage
2018-09-18,3172.00,3172.00,3172.00,3172.00,60.00,Alphavantage
2018-09-19,3182.30,3182.30,3182.30,3182.30,15.00,Alphavantage
2018-09-25,3119.00,3119.00,3119.00,3119.00,78.00,Alphavantage
2018-09-26,3124.00,3124.00,3123.00,3123.00,22.00,Alphavantage
2018-09-28,3163.00,3164.00,3156.32,3156.32,24.00,Alphavantage
2018-10-01,3156.00,3156.00,3139.88,3145.00,74.00,Alphavantage
2018-10-02,3146.00,3147.72,3140.44,3147.72,591.00,Alphavantage
2018-10-03,3166.24,3166.24,3166.24,3166.24,3.00,Alphavantage
2018-10-05,3099.00,3108.00,3099.00,3099.00,374.00,Alphavantage
2018-10-08,3097.00,3097.00,3091.00,3091.00,2092.00,Alphavantage
2018-10-10,3008.00,3008.00,3000.41,3000.50,223.00,Alphavantage
2018-10-11,2956.00,2958.00,2948.00,2948.00,7724.00,Alphavantage
2018-10-12,2918.00,2925.00,2918.00,2918.50,600.00,Alphavantage
2018-10-15,2916.00,2916.00,2916.00,2916.00,47.00,Alphavantage
2018-10-16,2921.00,2921.00,2921.00,2921.00,117.00,Alphavantage
2018-10-17,2967.00,2967.00,2967.00,2967.00,168.00,Alphavantage
2018-10-18,2969.00,2969.00,2969.00,2969.00,260.00,Alphavantage
2018-10-22,2961.00,2970.00,2956.00,2956.00,8974.00,Alphavantage
2018-10-23,2886.00,2894.00,2876.00,2882.50,3846.00,Alphavantage
2018-10-24,2915.00,2915.00,2915.00,2915.00,168.00,Alphavantage
2018-10-25,2878.00,2883.00,2878.00,2883.00,2166.00,Alphavantage
2018-10-29,2835.00,2890.00,2835.00,2875.50,502.00,Alphavantage
2018-10-30,2850.00,2883.00,2838.00,2878.00,5660.00,Alphavantage
2018-10-31,2881.00,2881.00,2880.00,2881.00,198.00,Alphavantage
2018-11-01,2860.00,2890.00,2843.04,2873.00,479.00,Alphavantage
2018-11-02,2899.00,2899.00,2890.00,2890.00,837.00,Alphavantage
2018-11-05,2882.00,2882.00,2878.00,2878.00,287.00,Alphavantage
2018-11-06,2881.00,2881.00,2880.00,2880.00,209.00,Alphavantage
2018-11-07,2889.00,2892.00,2889.00,2889.00,2028.00,Alphavantage
2018-11-09,2923.00,2923.00,2909.00,2913.50,138.00,Alphavantage
2018-11-12,2934.00,2934.00,2934.00,2934.00,6915.00,Alphavantage
2018-11-14,2937.00,2937.00,2937.00,2937.00,33.00,Alphavantage
2018-11-16,2965.00,2965.00,2965.00,2965.00,137.00,Alphavantage
2018-11-19,2965.00,2974.00,2965.00,2965.00,435.00,Alphavantage
2018-11-20,2937.00,2946.00,2937.00,2938.00,164.00,Alphavantage
2018-11-22,2933.00,2933.00,2933.00,2933.00,3.00,Alphavantage
2018-11-27,2972.00,2972.00,2971.35,2972.00,630.00,Alphavantage
2018-11-28,2972.00,2972.00,2972.00,2972.00,93.00,Alphavantage
2018-11-29,3001.50,3001.50,3001.50,3001.50,80.00,Alphavantage
2018-11-30,2998.55,2998.55,2998.55,2998.55,1.00,Alphavantage
2018-12-03,3051.00,3056.00,3028.30,3028.50,2083.00,Alphavantage
2018-12-05,2974.00,2974.00,2966.00,2966.00,4.00,Alphavantage
2018-12-06,2938.50,2938.50,2938.50,2938.50,340.00,Alphavantage
2018-12-07,2943.00,2943.00,2943.00,2943.00,238.00,Alphavantage
2018-12-10,2923.00,2923.00,2909.00,2914.00,4660.00,Alphavantage
2018-12-17,2926.00,2926.00,2903.00,2917.50,95.00,Alphavantage
2018-12-18,2880.00,2893.00,2874.00,2880.00,895.00,Alphavantage
2018-12-20,2865.00,2865.00,2862.00,2865.00,222.00,Alphavantage
2018-12-21,2862.00,2866.00,2857.00,2865.50,3622.00,Alphavantage
2018-12-24,2830.00,2830.00,2830.00,2830.00,3.00,Alphavantage
2018-12-27,2801.00,2810.00,2777.00,2797.50,241.00,Alphavantage
2018-12-31,2825.00,2858.00,2825.00,2840.50,30.00,Alphavantage
2019-01-02,2856.00,2881.00,2791.40,2870.00,21.00,Alphavantage
2019-01-03,2847.00,2847.00,2847.00,2847.00,106.00,Alphavantage
2019-01-04,2870.00,2883.00,2870.00,2873.50,431.00,Alphavantage
2019-01-08,2884.00,2884.00,2884.00,2884.00,61.00,Alphavantage
2019-01-10,2934.00,2934.00,2934.00,2934.00,16.00,Alphavantage
2019-01-11,2955.00,2955.00,2922.00,2924.00,2593.00,Alphavantage
2019-01-14,2917.00,2921.30,2906.00,2913.00,1893.00,Alphavantage
2019-01-15,2922.00,2932.00,2922.00,2932.00,584.00,Alphavantage
2019-01-16,2931.00,2931.00,2931.00,2931.00,121.00,Alphavantage
2019-01-17,2923.00,2940.00,2919.00,2939.00,902.00,Alphavantage
2019-01-18,2980.00,3000.00,2980.00,3000.00,71.00,Alphavantage
2019-01-21,3010.00,3010.00,2996.00,2996.00,578.00,Alphavantage
2019-01-22,3001.00,3001.00,2961.00,2961.00,113.00,Alphavantage
2019-01-23,2925.00,2925.00,2923.00,2925.00,544.00,Alphavantage
2019-01-24,2936.00,2936.00,2936.00,2936.00,138.00,Alphavantage
2019-01-25,2951.00,2951.00,2951.00,2951.00,44.00,Alphavantage
2019-01-28,2928.00,2928.00,2928.00,2928.00,23.00,Alphavantage
2019-01-29,2935.00,2936.00,2935.00,2936.00,600.00,Alphavantage
2019-01-30,2975.00,2976.00,2972.00,2974.00,691.00,Alphavantage
2019-02-01,3020.00,3029.00,3013.30,3019.00,1299.00,Alphavantage
2019-02-04,3007.00,3021.00,3007.00,3013.00,13083.00,Alphavantage
2019-02-05,3038.00,3066.00,3038.00,3066.00,219.00,Alphavantage
2019-02-06,3068.00,3071.00,3065.00,3065.00,4048.00,Alphavantage
2019-02-07,3068.00,3068.00,3068.00,3068.00,162.00,Alphavantage
2019-02-08,3045.50,3045.50,3045.50,3045.50,2.00,Alphavantage
2019-02-11,3083.00,3083.00,3080.00,3083.00,685.00,Alphavantage
2019-02-12,3115.00,3115.00,3106.00,3110.00,340.00,Alphavantage
2019-02-13,3111.00,3118.00,3111.00,3117.50,634.00,Alphavantage
2019-02-14,3142.70,3142.70,3142.70,3142.70,318.00,Alphavantage
2019-02-15,3137.00,3155.00,3136.00,3155.00,8040.00,Alphavantage
2019-02-18,3147.00,3161.75,3147.00,3154.00,599.00,Alphavantage
2019-02-19,3147.00,3147.00,3147.00,3147.00,3604.00,Alphavantage
2019-02-20,3142.00,3142.00,3142.00,3142.00,104.00,Alphavantage
2019-02-21,3144.00,3155.00,3130.00,3148.00,4162.00,Alphavantage
2019-02-22,3183.00,3183.00,3168.00,3170.50,7595.00,Alphavantage
2019-02-25,3170.00,3179.00,3170.00,3179.00,298.00,Alphavantage
2019-02-27,3092.00,3092.00,3092.00,3092.00,32.00,Alphavantage
2019-03-01,3111.00,3121.00,3094.30,3119.00,2295.00,Alphavantage
2019-03-04,3140.00,3144.00,3134.00,3134.00,40.00,Alphavantage
2019-03-05,3132.00,3139.00,3130.00,3139.00,676.00,Alphavantage
2019-03-06,3129.00,3132.00,3125.25,3132.00,336.00,Alphavantage
2019-03-07,3123.00,3123.00,3111.00,3118.50,26.00,Alphavantage
2019-03-08,3101.00,3111.00,3101.00,3111.00,26.00,Alphavantage
2019-03-11,3141.00,3141.00,3121.00,3135.50,5092.00,Alphavantage
2019-03-12,3133.00,3163.00,3116.00,3160.50,1002.00,Alphavantage
2019-03-13,3138.00,3144.00,3137.00,3137.00,270.00,Alphavantage
2019-03-14,3123.00,3141.00,3123.00,3128.50,708.00,Alphavantage
2019-03-15,3140.00,3144.00,3136.00,3141.00,460.00,Alphavantage
2019-03-18,3155.00,3155.00,3154.00,3155.00,484.00,Alphavantage
2019-03-19,3179.00,3183.00,3175.00,3179.50,102.00,Alphavantage
2019-03-20,3172.00,3172.00,3172.00,3172.00,156.00,Alphavantage
2019-03-21,3183.00,3231.00,3173.00,3231.00,555.00,Alphavantage
2019-03-22,3218.00,3218.00,3146.00,3146.00,665.00,Alphavantage
2019-03-25,3142.00,3142.00,3125.00,3142.00,582.00,Alphavantage
2019-03-26,3132.00,3132.00,3132.00,3132.00,15.00,Alphavantage
2019-03-27,3147.00,3147.00,3120.00,3122.00,354.00,Alphavantage
2019-03-28,3139.00,3156.00,3135.00,3141.50,217.00,Alphavantage
2019-03-29,3177.00,3186.00,3161.00,3175.00,183.00,Alphavantage
2019-04-01,3184.00,3187.00,3177.00,3178.50,1637.00,Alphavantage
2019-04-02,3197.00,3207.00,3193.00,3201.50,7519.00,Alphavantage
2019-04-03,3187.00,3206.00,3187.00,3206.00,7790.00,Alphavantage
2019-04-04,3201.00,3226.00,3201.00,3226.00,1573.00,Alphavantage
2019-04-05,3234.00,3262.00,3232.00,3259.50,444.00,Alphavantage
2019-04-08,3256.00,3260.00,3249.00,3249.00,3136.00,Alphavantage
2019-04-09,3236.00,3237.00,3210.00,3210.00,3294.00,Alphavantage
2019-04-10,3209.00,3216.00,3208.00,3212.00,590.00,Alphavantage
2019-04-11,3215.00,3229.75,3215.00,3229.75,2773.00,Alphavantage
2019-04-12,3241.00,3243.00,3236.00,3236.00,154.00,Alphavantage
2019-04-15,3241.00,3242.00,3241.00,3242.00,132.00,Alphavantage
2019-04-16,3277.00,3279.00,3266.00,3278.50,4039.00,Alphavantage
2019-04-17,3274.00,3274.00,3266.00,3266.00,98.00,Alphavantage
2019-04-18,3250.00,3268.00,3247.00,3266.00,1330.00,Alphavantage
2019-04-23,3279.00,3297.00,3274.00,3297.00,1620.00,Alphavantage
2019-04-24,3291.00,3300.00,3290.00,3299.50,611.00,Alphavantage
2019-04-25,3299.00,3302.00,3288.00,3294.00,1434.00,Alphavantage
2019-04-26,3285.00,3317.00,3285.00,3317.00,114.00,Alphavantage
2019-04-29,3315.00,3328.00,3310.00,3322.50,3701.00,Alphavantage
2019-04-30,3323.00,3323.00,3283.00,3290.00,1288.00,Alphavantage
2019-05-01,3303.00,3304.00,3278.35,3283.50,1525.00,Alphavantage
2019-05-02,3294.00,3304.00,3275.00,3275.00,798.00,Alphavantage
2019-05-03,3288.00,3315.00,3286.00,3293.00,644.00,Alphavantage
2019-05-07,3252.00,3256.00,3241.35,3252.50,1790.00,Alphavantage
2019-05-08,3246.00,3247.00,3243.00,3245.50,370.00,Alphavantage
2019-05-09,3206.00,3206.00,3206.00,3206.00,300.00,Alphavantage
2019-05-10,3255.00,3255.00,3209.00,3209.00,356.00,Alphavantage
2019-05-13,3204.00,3205.00,3173.00,3191.00,1452.00,Alphavantage
2019-05-14,3205.00,3205.00,3205.00,3205.00,151.00,Alphavantage
2019-05-15,3213.00,3213.00,3213.00,3213.00,34.00,Alphavantage
2019-05-16,3254.00,3261.00,3254.00,3258.50,222.00,Alphavantage
2019-05-17,3258.00,3260.00,3240.00,3251.50,8800.00,Alphavantage
2019-05-20,3252.00,3252.00,3224.00,3230.00,1920.00,Alphavantage
2019-05-22,3293.00,3293.00,3278.00,3290.50,604.00,Alphavantage
2019-05-23,3248.00,3248.00,3246.00,3246.00,1339.00,Alphavantage
2019-05-24,3248.00,3248.00,3248.00,3248.00,46.00,Alphavantage
2019-05-29,3235.00,3235.00,3233.00,3235.00,518.00,Alphavantage
2019-05-30,3262.00,3262.00,3262.00,3262.00,234.00,Alphavantage
2019-06-03,3242.00,3242.00,3242.00,3242.00,8.00,Alphavantage
2019-06-04,3265.00,3265.00,3265.00,3265.00,1.00,Alphavantage
2019-06-05,3308.00,3308.00,3308.00,3308.00,440.00,Alphavantage
2019-06-06,3338.00,3346.00,3326.00,3334.00,374.00,Alphavantage
2019-06-07,3367.00,3371.00,3366.00,3366.50,1108.00,Alphavantage
2019-06-11,3368.00,3368.00,3368.00,3368.00,68.00,Alphavantage
2019-06-13,3400.00,3403.00,3399.00,3399.50,933.00,Alphavantage
2019-06-14,3410.00,3410.00,3410.00,3410.00,143.00,Alphavantage
2019-06-17,3413.00,3413.00,3413.00,3413.00,292.00,Alphavantage
2019-06-18,3442.00,3463.00,3442.00,3448.50,1484.00,Alphavantage
2019-06-19,3446.00,3446.00,3419.00,3420.50,1020.00,Alphavantage
2019-06-20,3444.00,3444.00,3444.00,3444.00,44.00,Alphavantage
2019-06-21,3440.00,3452.00,3440.00,3448.50,77.00,Alphavantage
2019-06-24,3441.00,3461.00,3441.00,3458.50,1359.00,Alphavantage
2019-06-25,3457.00,3457.00,3455.00,3455.00,391.00,Alphavantage
2019-06-27,3448.00,3448.00,3448.00,3448.00,14.00,Alphavantage
2019-06-28,3453.50,3453.50,3453.50,3453.50,5500.00,Alphavantage
2019-07-01,3504.00,3504.00,3490.30,3491.00,884.00,Alphavantage
2019-07-03,3553.00,3553.00,3553.00,3553.00,392.00,Alphavantage
2019-07-05,3550.00,3550.00,3519.00,3534.50,775.00,Alphavantage
2019-07-08,3537.00,3537.00,3537.00,3537.00,607.00,Alphavantage
2019-07-09,3522.00,3522.00,3512.00,3516.00,160.00,Alphavantage
2019-07-10,3449.00,3450.00,3442.00,3446.50,346.00,Alphavantage
2019-07-12,3437.50,3437.50,3437.50,3437.50,2165.00,Alphavantage
2019-07-15,3459.00,3462.00,3452.00,3460.50,524.00,Alphavantage
2019-07-16,3473.00,3480.00,3473.00,3478.00,294.00,Alphavantage
2019-07-17,3499.00,3505.00,3490.00,3490.00,375.00,Alphavantage
2019-07-18,3457.00,3457.00,3450.00,3450.00,492.00,Alphavantage
2019-07-19,3467.00,3468.00,3461.00,3461.00,311.00,Alphavantage
2019-07-22,3456.00,3456.00,3449.00,3449.00,128.00,Alphavantage
2019-07-23,3465.00,3475.00,3465.00,3473.00,865.00,Alphavantage
2019-07-25,3494.00,3498.00,3481.00,3493.50,4185.00,Alphavantage
2019-07-29,3551.00,3565.00,3551.00,3565.00,100.00,Alphavantage
2019-07-31,3576.00,3576.00,3558.00,3571.00,1280.00,Alphavantage
2019-08-01,3567.00,3584.00,3555.00,3574.00,8861.00,Alphavantage
2019-08-02,3525.00,3536.00,3512.00,3521.00,2266.00,Alphavantage
2019-08-05,3495.00,3495.00,3458.00,3458.00,3605.00,Alphavantage
2019-08-06,3428.00,3429.00,3415.00,3423.50,1122.00,Alphavantage
2019-08-07,3456.00,3456.00,3425.00,3432.00,501.00,Alphavantage
2019-08-13,3485.00,3520.00,3479.00,3520.00,787.00,Alphavantage
2019-08-14,3480.00,3480.00,3463.00,3467.50,1876.00,Alphavantage
2019-08-16,3466.00,3471.00,3454.00,3470.00,786.00,Alphavantage
2019-08-19,3502.00,3508.00,3502.00,3503.00,485.00,Alphavantage
2019-08-20,3491.00,3491.00,3491.00,3491.00,130.00,Alphavantage
2019-08-21,3507.00,3512.00,3506.00,3506.00,853.00,Alphavantage
2019-08-23,3485.00,3489.00,3464.00,3464.00,308.00,Alphavantage
2019-08-28,3432.00,3432.00,3432.00,3432.00,538.00,Alphavantage
2019-08-29,3480.00,3484.00,3470.00,3481.50,3610.00,Alphavantage
2019-09-02,3513.00,3546.00,3513.00,3544.00,4106.00,Alphavantage
2019-09-03,3565.00,3565.00,3565.00,3565.00,30.00,Alphavantage
2019-09-04,3544.00,3544.00,3544.00,3544.00,18.00,Alphavantage
2019-09-05,3539.00,3544.00,3526.00,3536.00,34849.00,Alphavantage
2019-09-06,3547.00,3553.00,3544.80,3552.50,1143.00,Alphavantage
2019-09-09,3549.00,3561.90,3520.00,3520.00,2709.00,Alphavantage
2019-09-10,3511.00,3511.00,3496.00,3496.50,542.00,Alphavantage
2019-09-13,3559.00,3559.00,3541.00,3551.00,319.00,Alphavantage
2019-09-17,3531.00,3531.00,3509.00,3512.50,1235.00,Alphavantage
2019-09-19,3515.00,3515.00,3515.00,3515.00,14.00,Alphavantage
2019-09-20,3503.00,3503.00,3499.00,3502.50,122.00,Alphavantage
2019-09-23,3493.00,3496.00,3493.00,3496.00,5.00,Alphavantage
2019-09-26,3552.00,3552.00,3536.00,3538.50,232.00,Alphavantage
2019-09-27,3573.00,3573.00,3556.00,3566.00,162.00,Alphavantage
2019-09-30,3571.00,3571.00,3562.90,3569.00,1524.00,Alphavantage
2019-10-01,3587.00,3615.00,3583.00,3590.00,499.00,Alphavantage
2019-10-02,3534.00,3535.00,3493.00,3493.00,168.00,Alphavantage
2019-10-03,3495.00,3495.00,3470.00,3470.00,1750.00,Alphavantage
2019-10-04,3493.00,3522.00,3493.00,3522.00,2294.00,Alphavantage
2019-10-07,3535.00,3535.00,3535.00,3535.00,26896.00,Alphavantage
2019-10-08,3530.00,3532.00,3530.00,3530.00,5244.00,Alphavantage
2019-10-09,3520.00,3535.00,3520.00,3529.50,780.00,Alphavantage
2019-10-10,3528.00,3554.00,3528.00,3541.50,6271.00,Alphavantage
2019-10-11,3514.00,3522.00,3495.00,3522.00,1840.00,Alphavantage
2019-10-14,3524.00,3531.00,3518.00,3518.00,1440.00,Alphavantage
2019-10-15,3512.00,3514.00,3497.00,3511.00,7220.00,Alphavantage
2019-10-16,3504.00,3509.00,3489.00,3500.50,332.00,Alphavantage
2019-10-18,3507.00,3528.00,3507.00,3528.00,238.00,Alphavantage
2019-10-21,3527.00,3528.00,3513.00,3515.50,5290.00,Alphavantage
2019-10-22,3531.00,3549.00,3531.00,3539.00,3468.00,Alphavantage
2019-10-23,3558.00,3569.00,3558.00,3567.00,458.00,Alphavantage
2019-10-24,3561.00,3600.00,3561.00,3598.50,908.00,Alphavantage
2019-10-25,3602.00,3605.00,3602.00,3603.50,1728.00,Alphavantage
2019-10-28,3594.00,3609.00,3593.00,3596.50,2460.00,Alphavantage
2019-10-29,3593.50,3593.50,3593.50,3593.50,2000.00,Alphavantage
2019-10-30,3578.00,3585.00,3578.00,3585.00,411.00,Alphavantage
2019-10-31,3591.00,3593.00,3577.00,3587.00,12128.00,Alphavantage
2019-11-01,3580.00,3603.00,3580.00,3599.00,3684.00,Alphavantage
2019-11-05,3634.00,3634.00,3634.00,3634.00,300.00,Alphavantage
2019-11-07,3651.00,3654.00,3643.00,3643.00,4148.00,Alphavantage
2019-11-08,3614.00,3614.00,3614.00,3614.00,112.00,Alphavantage
2019-11-12,3612.00,3612.00,3612.00,3612.00,32.00,Alphavantage
2019-11-13,3602.50,3602.50,3602.50,3602.50,2403.00,Alphavantage
2019-11-14,3598.00,3601.00,3595.00,3595.00,4520.00,Alphavantage
2019-11-18,3598.00,3598.00,3598.00,3598.00,29.00,Alphavantage
2019-11-19,3593.00,3593.00,3593.00,3593.00,240.00,Alphavantage
2019-11-20,3605.00,3605.00,3604.00,3604.00,954.00,Alphavantage
2019-11-25,3624.50,3624.50,3624.50,3624.50,2000.00,Alphavantage
2019-11-26,3654.00,3654.00,3654.00,3654.00,192.00,Alphavantage
2019-11-27,3676.00,3676.00,3676.00,3676.00,54.00,Alphavantage
2019-11-28,3646.00,3646.00,3646.00,3646.00,200.00,Alphavantage
2019-11-29,3627.00,3627.00,3627.00,3627.00,4358.00,Alphavantage
2019-12-02,3633.00,3633.00,3633.00,3633.00,116.00,Alphavantage
2019-12-04,3556.00,3556.00,3556.00,3556.00,9.00,Alphavantage
2019-12-09,3593.00,3593.00,3593.00,3593.00,55.00,Alphavantage
2019-12-10,3592.50,3592.50,3592.50,3592.50,83.00,Alphavantage
2019-12-11,3591.00,3595.00,3586.00,3587.50,1613.00,Alphavantage
2019-12-13,3548.00,3582.00,3547.00,3566.50,2697.00,Alphavantage
2019-12-16,3585.00,3586.00,3585.00,3586.00,3560.00,Alphavantage
2019-12-17,3674.00,3674.00,3674.00,3674.00,4277.00,Alphavantage
2019-12-18,3681.00,3681.00,3681.00,3681.00,83.00,Alphavantage
2019-12-19,3682.00,3695.00,3682.00,3690.00,20.00,Alphavantage
2019-12-20,3703.00,3709.00,3703.00,3705.00,7.00,Alphavantage
2019-12-27,3730.50,3730.50,3730.50,3730.50,4000.00,Alphavantage
2019-12-30,3721.00,3721.00,3711.00,3711.00,913.00,Alphavantage
2019-12-31,3685.00,3685.00,3685.00,3685.00,28.00,Alphavantage
2020-01-03,3700.00,3700.00,3677.00,3699.50,2445.00,Alphavantage
2020-01-06,3688.00,3688.20,3670.00,3670.00,1057.00,Alphavantage
2020-01-07,3677.00,3680.00,3677.00,3677.00,345.00,Alphavantage
2020-01-08,3671.00,3672.00,3671.00,3672.00,434.00,Alphavantage
2020-01-09,3695.00,3710.61,3695.00,3709.00,2217.00,Alphavantage
2020-01-10,3719.00,3723.00,3713.00,3714.00,3077.00,Alphavantage
2020-01-13,3750.00,3750.00,3750.00,3750.00,1052.00,Alphavantage
2020-01-14,3780.00,3786.00,3780.00,3782.50,1572.00,Alphavantage
2020-01-15,3783.00,3801.00,3783.00,3793.00,1105.00,Alphavantage
2020-01-16,3783.00,3795.00,3783.00,3783.00,2175.00,Alphavantage
2020-01-17,3833.00,3833.00,3827.00,3827.00,1777.00,Alphavantage
2020-01-20,3836.00,3836.00,3823.00,3826.00,832.00,Alphavantage
2020-01-21,3815.00,3815.00,3815.00,3815.00,357.00,Alphavantage
2020-01-23,3801.00,3801.00,3801.00,3801.00,800.00,Alphavantage
2020-01-24,3843.00,3843.00,3843.00,3843.00,167.00,Alphavantage
2020-01-27,3792.00,3796.00,3782.00,3782.00,1676.00,Alphavantage
2020-01-28,3775.00,3775.00,3775.00,3775.00,266.00,Alphavantage
2020-01-29,3820.00,3829.00,3818.00,3825.00,464.00,Alphavantage
2020-01-31,3753.00,3753.00,3753.00,3753.00,4525.00,Alphavantage
2020-02-03,3753.00,3805.00,3746.00,3798.00,6107.00,Alphavantage
2020-02-05,3865.00,3897.00,3865.00,3892.50,1059.00,Alphavantage
2020-02-06,3917.00,3926.00,3887.00,3902.00,5117.00,Alphavantage
2020-02-07,3906.00,3907.00,3898.00,3907.00,832.00,Alphavantage
2020-02-10,3892.00,3914.00,3889.00,3908.50,2628.00,Alphavantage
2020-02-11,3928.39,3928.39,3928.39,3928.39,5624.00,Alphavantage
2020-02-12,3930.00,3930.00,3914.00,3926.50,1790.00,Alphavantage
2020-02-13,3906.00,3906.00,3906.00,3906.00,116.00,Alphavantage
2020-02-14,3909.00,3909.00,3908.00,3909.00,2579.00,Alphavantage
2020-02-17,3915.00,3922.00,3915.00,3922.00,2591.00,Alphavantage
2020-02-18,3915.00,3915.00,3904.00,3904.00,6103.00,Alphavantage
2020-02-19,3947.50,3947.50,3947.50,3947.50,2098.00,Alphavantage
2020-02-20,3952.00,3952.00,3951.00,3951.00,152.00,Alphavantage
2020-02-21,3921.50,3921.50,3921.50,3921.50,25.00,Alphavantage
2020-02-24,3846.00,3872.00,3781.00,3812.00,7792.00,Alphavantage
2020-02-25,3786.00,3786.00,3743.00,3743.00,1795.00,Alphavantage
2020-02-27,3689.00,3689.00,3668.00,3668.00,748.00,Alphavantage
2020-02-28,3569.00,3579.00,3453.00,3492.00,14077.00,Alphavantage
2020-03-02,3539.00,3584.00,3490.00,3584.00,1373.00,Alphavantage
2020-03-03,3620.00,3681.00,3620.00,3647.00,2768.00,Alphavantage
2020-03-04,3678.00,3678.00,3678.00,3678.00,471.00,Alphavantage
2020-03-05,3651.00,3712.00,3651.00,3704.00,3361.00,Alphavantage
2020-03-06,3567.00,3567.00,3567.00,3567.00,10008.00,Alphavantage
2020-03-09,3263.00,3263.00,3263.00,3263.00,310.00,Alphavantage
2020-03-10,3399.00,3460.00,3399.00,3399.00,2408.00,Alphavantage
2020-03-11,3407.00,3407.00,3303.00,3318.00,599.00,Alphavantage
2020-03-12,3044.00,3044.00,3044.00,3044.00,236.00,Alphavantage
2020-03-13,3024.00,3113.00,3024.00,3068.50,107.00,Alphavantage
2020-03-16,3074.00,3100.00,3000.00,3100.00,4735.00,Alphavantage
2020-03-17,2971.00,2971.00,2971.00,2971.00,1710.00,Alphavantage
2020-03-18,3116.00,3116.00,3116.00,3116.00,391.00,Alphavantage
2020-03-19,3112.00,3112.00,3112.00,3112.00,110.00,Alphavantage
2020-03-20,3172.00,3172.00,3169.00,3169.00,317.00,Alphavantage
2020-03-23,2785.00,2785.00,2785.00,2785.00,7453.00,Alphavantage
2020-03-24,3002.00,3002.00,3002.00,3002.00,342.00,Alphavantage
2020-03-25,3061.00,3086.00,3003.00,3086.00,873.00,Alphavantage
2020-03-30,3051.00,3051.00,3051.00,3051.00,413.00,Alphavantage
2020-03-31,3117.50,3117.50,3117.50,3117.50,318.00,Alphavantage
2020-04-01,2989.00,2989.00,2989.00,2989.00,1.00,Alphavantage
2020-04-06,3037.00,3040.00,3026.00,3040.00,5893.00,Alphavantage
2020-04-08,3106.00,3137.00,3106.00,3137.00,332.00,Alphavantage
2020-04-09,3239.00,3281.00,3180.00,3273.00,1650.00,Alphavantage
2020-04-14,3255.00,3255.00,3209.00,3217.50,1635.00,Alphavantage
2020-04-15,3243.00,3243.00,3218.00,3218.00,627.00,Alphavantage
2020-04-17,3252.00,3252.00,3252.00,3252.00,184.00,Alphavantage
2020-04-20,3258.00,3258.00,3225.00,3230.00,295.00,Alphavantage
2020-04-21,3185.00,3185.00,3185.00,3185.00,7.00,Alphavantage
2020-04-22,3200.00,3224.00,3187.00,3215.50,576.00,Alphavantage
2020-04-23,3201.00,3201.00,3201.00,3201.00,490.00,Alphavantage
2020-04-27,3276.00,3287.00,3276.00,3283.50,323.00,Alphavantage
2020-04-29,3388.00,3388.00,3387.00,3388.00,134.00,Alphavantage
2020-04-30,3429.00,3434.00,3327.00,3327.00,6218.00,Alphavantage
2020-05-01,3237.00,3275.00,3237.00,3247.50,1777.00,Alphavantage
2020-05-06,3296.00,3299.00,3293.00,3293.00,5244.00,Alphavantage
2020-05-07,3320.50,3320.50,3320.50,3320.50,7000.00,Alphavantage
2020-05-11,3302.00,3302.00,3302.00,3302.00,421.00,Alphavantage
2020-05-12,3325.00,3325.00,3325.00,3325.00,1050.00,Alphavantage
2020-05-13,3274.00,3293.99,3274.00,3274.00,62.00,Alphavantage
2020-05-15,3269.00,3269.00,3269.00,3269.00,244.00,Alphavantage
2020-05-18,3326.00,3409.00,3326.00,3409.00,837.00,Alphavantage
2020-05-19,3396.00,3396.00,3387.00,3396.00,1300.00,Alphavantage
2020-05-20,3381.00,3436.00,3381.00,3431.00,820.00,Alphavantage
2020-05-21,3408.00,3409.00,3406.00,3409.00,190.00,Alphavantage
2020-05-26,3491.00,3491.00,3486.00,3491.00,1010.00,Alphavantage
2020-05-27,3510.00,3546.00,3510.00,3539.00,1745.00,Alphavantage
2020-05-28,3578.00,3590.00,3578.00,3588.50,45.00,Alphavantage
2020-05-29,3551.00,3551.00,3551.00,3551.00,362.00,Alphavantage
2020-06-01,3560.00,3560.00,3545.00,3546.50,9699.00,Alphavantage
2020-06-02,3526.00,3556.00,3526.00,3556.00,1968.00,Alphavantage
2020-06-03,3590.00,3654.00,3590.00,3649.00,146.00,Alphavantage
2020-06-04,3641.00,3641.00,3630.00,3632.50,405.00,Alphavantage
2020-06-05,3656.00,3698.00,3656.00,3698.00,1248.00,Alphavantage
2020-06-08,3642.00,3677.00,3640.00,3675.00,1406.00,Alphavantage
2020-06-09,3658.00,3660.00,3598.00,3600.00,3058.00,Alphavantage
2020-06-10,3630.00,3630.00,3580.00,3580.50,190.00,Alphavantage
2020-06-11,3538.00,3538.00,3502.00,3502.00,2670.00,Alphavantage
2020-06-12,3449.00,3451.00,3449.00,3451.00,528.00,Alphavantage
2020-06-15,3379.00,3425.00,3379.00,3425.00,2024.00,Alphavantage
2020-06-16,3557.00,3576.00,3557.00,3576.00,894.00,Alphavantage
2020-06-18,3589.00,3589.00,3589.00,3589.00,194.00,Alphavantage
2020-06-22,3585.00,3604.00,3575.00,3583.50,391.00,Alphavantage
2020-06-23,3626.00,3626.00,3582.00,3582.00,1484.00,Alphavantage
2020-06-25,3444.00,3444.00,3437.00,3444.00,1104.00,Alphavantage
2020-06-26,3507.00,3507.00,3507.00,3507.00,54.00,Alphavantage
2020-06-29,3512.00,3512.00,3512.00,3512.00,185.00,Alphavantage
2020-07-01,3580.00,3583.00,3568.00,3568.00,626.00,Alphavantage
2020-07-02,3545.00,3572.00,3545.00,3572.00,12207.00,Alphavantage
2020-07-03,3589.00,3594.00,3587.00,3587.00,412.00,Alphavantage
2020-07-07,3590.00,3590.00,3590.00,3590.00,97.00,Alphavantage
2020-07-08,3481.00,3502.00,3481.00,3484.00,784.00,Alphavantage
2020-07-09,3494.00,3494.00,3444.00,3444.00,1456.00,Alphavantage
2020-07-10,3437.00,3483.00,3437.00,3477.00,472.00,Alphavantage
2020-07-13,3508.00,3519.00,3503.00,3519.00,994.00,Alphavantage
2020-07-16,3640.50,3640.50,3640.50,3640.50,12000.00,Alphavantage
2020-07-17,3641.00,3655.00,3641.00,3655.00,690.00,Alphavantage
2020-07-20,3644.00,3644.00,3644.00,3644.00,2.00,Alphavantage
2020-07-21,3645.00,3645.00,3640.00,3645.00,102.00,Alphavantage
2020-07-22,3661.00,3664.00,3640.00,3664.00,1310.00,Alphavantage
2020-07-23,3696.00,3696.00,3693.00,3693.00,498.00,Alphavantage
2020-07-24,3671.00,3671.00,3671.00,3671.00,120.00,Alphavantage
2020-07-28,3653.00,3653.00,3651.00,3653.00,3880.00,Alphavantage
2020-07-29,3660.00,3684.00,3660.00,3684.00,4091.00,Alphavantage
2020-08-03,3564.00,3614.00,3563.00,3614.00,425.00,Alphavantage
2020-08-04,3624.00,3624.00,3624.00,3624.00,242.00,Alphavantage
2020-08-06,3625.50,3625.50,3625.50,3625.50,450.00,Alphavantage
2020-08-10,3719.69,3719.69,3719.69,3719.69,7.00,Alphavantage
2020-08-14,3729.00,3729.00,3729.00,3729.00,448.00,Alphavantage
2020-08-18,3715.00,3715.00,3715.00,3715.00,472.00,Alphavantage
2020-08-20,3694.00,3694.00,3694.00,3694.00,295.00,Alphavantage
2020-08-25,3775.00,3775.00,3775.00,3775.00,100.00,Alphavantage
2020-09-01,3643.00,3643.00,3643.00,3643.00,50.00,Alphavantage
2020-09-04,3637.50,3637.50,3637.50,3637.50,4000.00,Alphavantage
2020-09-08,3686.00,3686.00,3686.00,3686.00,708.00,Alphavantage
2020-09-09,3713.00,3713.00,3713.00,3713.00,270.00,Alphavantage
2020-09-10,3738.00,3740.00,3717.00,3740.00,1152.00,Alphavantage
2020-09-11,3770.00,3770.00,3770.00,3770.00,262.00,Alphavantage
2020-09-17,3819.00,3819.00,3819.00,3819.00,5873.00,Alphavantage
2020-09-18,3802.00,3802.00,3802.00,3802.00,51.00,Alphavantage
2020-09-21,3751.00,3751.00,3751.00,3751.00,300.00,Alphavantage
2020-09-22,3760.00,3760.00,3760.00,3760.00,5000.00,Alphavantage
2020-09-23,3803.50,3803.50,3803.50,3803.50,111.00,Alphavantage
2020-09-25,3813.00,3813.00,3813.00,3813.00,250.00,Alphavantage
2020-09-28,3841.50,3841.50,3841.50,3841.50,560.00,Alphavantage
2020-10-02,3865.00,3866.00,3824.00,3866.00,8150.00,Alphavantage
2020-10-05,3916.50,3916.50,3916.50,3916.50,2.00,Alphavantage
2020-10-08,3972.00,3987.00,3972.00,3977.50,1027.00,Alphavantage
2020-10-12,3994.00,4042.00,3994.00,4033.50,618.00,Alphavantage
2020-10-13,4029.00,4030.00,4003.00,4003.00,3655.00,Alphavantage
2020-10-14,3986.00,3988.00,3986.00,3988.00,705.00,Alphavantage
2020-10-15,3955.00,3955.00,3951.00,3955.00,150.00,Alphavantage
2020-10-20,3988.00,3988.00,3988.00,3988.00,630.00,Alphavantage
2020-10-21,3956.00,3956.00,3953.00,3953.00,666.00,Alphavantage
2020-10-26,3920.00,3920.00,3920.00,3920.00,379.00,Alphavantage
2020-10-27,3925.00,3925.00,3895.00,3912.00,798.00,Alphavantage
2020-10-28,3872.00,3872.00,3861.00,3864.00,375.00,Alphavantage
2020-10-30,3857.00,3857.00,3857.00,3857.00,51.00,Alphavantage
2020-11-03,3952.00,3985.00,3952.00,3985.00,50.00,Alphavantage
2020-11-05,4039.00,4086.00,4038.00,4071.00,1013.00,Alphavantage
2020-11-09,4103.00,4228.00,4100.00,4132.00,15554.00,Alphavantage
2020-11-10,4038.00,4038.00,4038.00,4038.00,100.00,Alphavantage
2020-11-11,4085.00,4085.00,4084.00,4085.00,378.00,Alphavantage
2020-11-12,4092.00,4094.00,4092.00,4094.00,488.00,Alphavantage
2020-11-13,4091.00,4091.00,4091.00,4091.00,300.00,Alphavantage
2020-11-16,4116.00,4170.00,4114.00,4156.50,1210.00,Alphavantage
2020-11-17,4141.00,4141.00,4106.00,4124.50,1093.00,Alphavantage
2020-11-18,4095.00,4099.00,4093.00,4098.50,1129.00,Alphavantage
2020-11-19,4084.00,4084.00,4077.00,4077.00,318.00,Alphavantage
2020-11-20,4083.00,4087.00,4083.00,4087.00,600.00,Alphavantage
2020-11-23,4087.00,4087.00,4087.00,4087.00,270.00,Alphavantage
2020-11-24,4111.00,4111.00,4097.00,4105.00,45195.00,Alphavantage
2020-11-25,4081.00,4098.00,4063.00,4070.00,2386.00,Alphavantage
2020-11-26,4073.00,4073.00,4073.00,4073.00,1168.00,Alphavantage
2020-11-30,4074.00,4090.00,4074.00,4077.50,667.00,Alphavantage
2020-12-01,4114.00,4114.00,4114.00,4114.00,11046.00,Alphavantage
2020-12-02,4101.00,4107.00,4090.00,4090.00,912.00,Alphavantage
2020-12-03,4076.00,4080.00,4061.00,4075.00,756.00,Alphavantage
2020-12-04,4055.00,4072.00,4055.00,4064.50,309.00,Alphavantage
2020-12-07,4088.00,4088.00,4073.00,4073.00,550.00,Alphavantage
2020-12-09,4077.00,4092.00,4077.00,4092.00,1186.00,Alphavantage
2020-12-10,4122.00,4122.00,4093.00,4093.00,1359.00,Alphavantage
2020-12-14,4134.00,4134.00,4134.00,4134.00,390.00,Alphavantage
2020-12-15,4112.00,4112.00,4112.00,4112.00,11052.00,Alphavantage
2020-12-18,4137.00,4138.00,4137.00,4137.00,696.00,Alphavantage
2020-12-21,4144.00,4144.00,4085.00,4113.50,590.00,Alphavantage
2020-12-22,4140.50,4140.50,4140.50,4140.50,14130.00,Alphavantage
2020-12-23,4133.00,4133.00,4119.00,4124.00,1758.00,Alphavantage
2020-12-29,4191.00,4191.00,4191.00,4191.00,134.00,Alphavantage
2020-12-30,4149.00,4159.00,4149.00,4149.00,1432.00,Alphavantage
2020-12-31,4118.00,4118.00,4118.00,4118.00,1009.00,Alphavantage
2021-01-04,4169.00,4169.00,4143.00,4143.00,848.00,Alphavantage
2021-01-05,4114.00,4114.00,4114.00,4114.00,1145.00,Alphavantage
2021-01-06,4143.00,4143.00,4135.00,4143.00,4836.00,Alphavantage
2021-01-07,4277.00,4277.00,4277.00,4277.00,580.00,Alphavantage
2021-01-08,4336.00,4336.00,4324.00,4336.00,661.00,Alphavantage
2021-01-11,4353.00,4359.00,4353.00,4353.00,851.00,Alphavantage
2021-01-12,4342.00,4342.00,4339.00,4342.00,45.00,Alphavantage
2021-01-13,4327.00,4327.00,4327.00,4327.00,122.00,Alphavantage
2021-01-14,4320.00,4320.00,4315.00,4315.00,246.00,Alphavantage
2021-01-15,4300.00,4312.00,4296.00,4296.00,271.00,Alphavantage
2021-01-18,4301.00,4301.00,4301.00,4301.00,26.00,Alphavantage
2021-01-19,4312.00,4312.00,4298.00,4298.00,342.00,Alphavantage
2021-01-20,4299.00,4299.00,4291.00,4296.50,1890.00,Alphavantage
2021-01-21,4308.00,4309.00,4278.00,4278.00,3528.00,Alphavantage
2021-01-22,4291.00,4291.00,4269.00,4287.50,146.00,Alphavantage
2021-01-25,4288.00,4288.00,4269.00,4280.00,29493.00,Alphavantage
2021-01-26,4278.00,4278.00,4225.00,4230.50,1165.00,Alphavantage
2021-01-27,4199.00,4199.00,4151.00,4154.50,1601.00,Alphavantage
2021-01-28,4155.00,4235.00,4134.00,4235.00,6174.00,Alphavantage
2021-01-29,4138.00,4157.00,4138.00,4138.00,241.00,Alphavantage
2021-02-01,4150.00,4207.00,4150.00,4207.00,1368.00,Alphavantage
2021-02-02,4240.00,4266.00,4240.00,4262.00,822.00,Alphavantage
2021-02-03,4284.00,4284.00,4284.00,4284.00,258.00,Alphavantage
2021-02-04,4284.00,4284.00,4249.00,4284.00,572.00,Alphavantage
2021-02-05,4291.00,4297.00,4291.00,4295.50,970.00,Alphavantage
2021-02-08,4300.00,4348.00,4299.00,4341.00,1594.00,Alphavantage
2021-02-09,4331.00,4331.00,4323.00,4323.00,37596.00,Alphavantage
2021-02-10,4329.00,4330.00,4308.00,4308.00,616.00,Alphavantage
2021-02-12,4323.00,4327.00,4296.00,4298.00,41221.00,Alphavantage
2021-02-15,4300.00,4307.00,4300.00,4303.00,1615.00,Alphavantage
2021-02-16,4293.00,4294.00,4273.00,4273.00,1398.00,Alphavantage
2021-02-17,4246.00,4252.00,4229.00,4231.00,889.00,Alphavantage
2021-02-18,4219.00,4219.00,4195.00,4195.00,2420.00,Alphavantage
2021-02-19,4189.00,4189.00,4189.00,4189.00,168.00,Alphavantage
2021-02-23,4169.00,4172.00,4141.00,4141.00,3692.00,Alphavantage
2021-02-24,4110.00,4151.00,4110.00,4151.00,19561.00,Alphavantage
2021-02-25,4148.00,4150.00,4134.00,4134.00,859.00,Alphavantage
2021-02-26,4102.00,4102.00,4102.00,4102.00,1290.00,Alphavantage
2021-03-01,4105.00,4141.00,4101.00,4141.00,1360.00,Alphavantage
2021-03-02,4167.00,4167.00,4161.00,4161.00,450.00,Alphavantage
2021-03-03,4128.00,4128.00,4066.00,4070.50,4054.00,Alphavantage
2021-03-04,4038.00,4056.00,4038.00,4052.00,12796.00,Alphavantage
2021-03-05,4028.00,4057.00,4028.00,4041.00,880.00,Alphavantage
2021-03-08,4083.00,4113.00,4083.00,4113.00,17290.00,Alphavantage
2021-03-09,4109.00,4130.00,4103.00,4130.00,581.00,Alphavantage
2021-03-10,4124.00,4135.00,4124.00,4135.00,519.00,Alphavantage
2021-03-11,4178.00,4182.00,4178.00,4178.00,1231.00,Alphavantage
2021-03-12,4183.00,4183.00,4183.00,4183.00,166.00,Alphavantage
2021-03-15,4204.00,4206.00,4203.00,4206.00,20446.00,Alphavantage
2021-03-17,4219.00,4219.00,4196.00,4218.50,140.00,Alphavantage
2021-03-19,4226.50,4226.50,4226.50,4226.50,32.00,Alphavantage
2021-03-22,4200.00,4200.00,4200.00,4200.00,180.00,Alphavantage
2021-03-23,4215.00,4222.00,4215.00,4222.00,44177.00,Alphavantage
2021-03-24,4261.00,4261.00,4261.00,4261.00,20350.00,Alphavantage
2021-03-25,4251.00,4251.00,4251.00,4251.00,120.00,Alphavantage
2021-03-26,4263.00,4263.00,4263.00,4263.00,60.00,Alphavantage
2021-03-29,4300.00,4314.00,4289.00,4314.00,1376.00,Alphavantage
2021-03-30,4334.00,4334.00,4310.00,4317.50,1134.00,Alphavantage
2021-03-31,4310.50,4310.50,4310.50,4310.50,26.00,Alphavantage
2021-04-01,4335.00,4343.00,4335.00,4337.00,98.00,Alphavantage
2021-04-06,4374.00,4376.00,4368.66,4376.00,20299.00,Alphavantage
2021-04-07,4415.00,4416.00,4415.00,4415.00,570.00,Alphavantage
2021-04-08,4405.00,4422.00,4404.00,4404.00,911.00,Alphavantage
2021-04-09,4429.00,4438.00,4429.00,4438.00,770.00,Alphavantage
2021-04-12,4464.00,4465.00,4463.00,4465.00,5098.00,Alphavantage
2021-04-13,4484.00,4484.00,4480.67,4480.67,5009.00,Alphavantage
2021-04-14,4472.00,4472.00,4449.00,4460.50,2874.00,Alphavantage
2021-04-15,4489.00,4490.00,4467.00,4480.50,516.00,Alphavantage
2021-04-16,4511.00,4528.00,4511.00,4519.50,450.00,Alphavantage
2021-04-19,4517.00,4517.00,4517.00,4517.00,100.00,Alphavantage
2021-04-20,4463.00,4463.00,4463.00,4463.00,1213.00,Alphavantage
2021-04-21,4474.00,4474.00,4474.00,4474.00,93918.00,Alphavantage
2021-04-22,4483.00,4527.00,4483.00,4527.00,996.00,Alphavantage
2021-04-23,4531.00,4553.00,4531.00,4553.00,4474.00,Alphavantage
2021-04-26,4551.00,4554.00,4551.00,4551.00,274.00,Alphavantage
2021-04-27,4504.50,4504.50,4504.50,4504.50,2640.00,Alphavantage
2021-04-28,4508.00,4508.00,4508.00,4508.00,28160.00,Alphavantage
2021-04-29,4500.00,4501.00,4495.33,4495.33,1353.00,Alphavantage
2021-05-04,4518.00,4518.00,4499.00,4499.00,34382.00,Alphavantage
2021-05-05,4494.50,4494.50,4494.50,4494.50,320.00,Alphavantage
2021-05-06,4533.09,4533.09,4519.90,4533.09,19850.00,Alphavantage
2021-05-07,4551.00,4551.00,4549.50,4551.00,343.00,Alphavantage
2021-05-11,4468.00,4488.88,4467.99,4467.99,526.00,Alphavantage
2021-05-12,4426.00,4442.43,4396.00,4398.00,39144.00,Alphavantage
2021-05-13,4318.00,4394.04,4315.00,4394.04,40010.00,Alphavantage
2021-05-14,4460.00,4471.00,4460.00,4471.00,192.00,Alphavantage
2021-05-17,4433.00,4433.00,4433.00,4433.00,4.00,Alphavantage
2021-05-18,4420.00,4447.42,4420.00,4426.50,1083.00,Alphavantage
2021-05-19,4373.00,4374.27,4371.00,4371.00,236.00,Alphavantage
2021-05-25,4461.00,4473.50,4461.00,4473.50,657.00,Alphavantage
2021-05-26,4493.00,4493.00,4490.00,4492.50,343.00,Alphavantage
2021-05-27,4500.00,4500.00,4495.00,4495.00,600.00,Alphavantage
2021-05-28,4500.00,4508.00,4500.00,4503.50,362.00,Alphavantage
2021-06-01,4537.00,4537.00,4535.99,4535.99,646.00,Alphavantage
2021-06-03,4508.21,4508.21,4508.21,4508.21,39.00,Alphavantage
2021-06-04,4494.00,4495.00,4494.00,4495.00,62.00,Alphavantage
2021-06-07,4530.00,4530.00,4509.00,4515.00,310.00,Alphavantage
2021-06-08,4538.00,4538.00,4526.00,4526.00,2.00,Alphavantage
2021-06-09,4519.00,4528.00,4519.00,4528.00,284.00,Alphavantage
2021-06-11,4533.00,4533.00,4533.00,4533.00,11.00,Alphavantage
2021-06-14,4564.00,4564.00,4535.00,4535.00,256.00,Alphavantage
2021-06-15,4559.89,4559.89,4559.89,4559.89,575.00,Alphavantage
2021-06-17,4539.17,4539.17,4539.17,4539.17,318.00,Alphavantage
2021-06-18,4560.65,4560.65,4560.65,4560.65,7408.00,Alphavantage
2021-06-21,4491.00,4491.00,4491.00,4491.00,98383.00,Alphavantage
2021-06-22,4553.00,4555.33,4548.00,4555.33,194.00,Alphavantage
2021-06-25,4559.00,4559.00,4559.00,4559.00,29.00,Alphavantage
2021-06-29,4613.00,4613.00,4613.00,4613.00,7.00,Alphavantage
2021-07-05,4621.00,4621.00,4621.00,4621.00,6.00,Alphavantage
2021-07-06,4627.00,4627.00,4626.00,4626.00,172.00,Alphavantage
2021-07-08,4633.00,4633.00,4633.00,4633.00,1764.00,Alphavantage
2021-07-09,4627.00,4627.00,4626.00,4627.00,0.00,Alphavantage
2021-07-12,4681.00,4681.00,4681.00,4681.00,668.00,Alphavantage
2021-07-13,4705.00,4706.03,4704.00,4704.00,431.00,Alphavantage
2021-07-14,4685.00,4687.00,4679.35,4680.00,372.00,Alphavantage
2021-07-15,4669.00,4673.00,4645.55,4645.55,1551.00,Alphavantage
2021-07-16,4704.00,4715.00,4704.00,4715.00,222.00,Alphavantage
2021-07-19,4704.00,4715.00,4704.00,4704.00,222.00,Alphavantage
2021-07-20,4707.00,4766.00,4705.87,4753.50,326.00,Alphavantage
2021-07-21,4707.00,4766.00,4705.87,4758.50,326.00,Alphavantage
2021-07-22,4734.50,4734.50,4734.50,4734.50,90.00,Alphavantage
2021-07-23,4757.00,4780.00,4757.00,4774.00,691.00,Alphavantage
2021-07-26,4768.00,4778.00,4759.00,4759.00,1198.00,Alphavantage
2021-07-27,4744.00,4761.00,4744.00,4747.00,3281.00,Alphavantage
2021-07-28,4757.00,4758.01,4757.00,4757.00,208.00,Alphavantage
2021-07-29,4777.00,4797.00,4777.00,4787.50,537.00,Alphavantage
2021-07-30,4780.00,4804.00,4773.00,4804.00,88.00,Alphavantage
2021-08-02,4857.00,4858.00,4857.00,4862.00,4.00,FTFeed
2021-08-03,4866.00,4866.00,4859.00,4885.00,63.00,FTFeed
2021-08-04,4888.00,4893.00,4887.00,4874.50,34.00,FTFeed
2021-08-05,4909.00,4909.00,4909.00,4909.00,202.00,FTFeed
2021-08-06,4906.00,4906.00,4906.00,4928.50,14.00,FTFeed
2021-08-09,4898.50,4898.50,4898.50,4898.50,0.00,FTFeed
2021-08-10,4890.00,4925.00,4890.00,4930.00,20.00,FTFeed
2021-08-11,4939.00,4964.00,4939.00,4956.00,829.00,FTFeed
2021-08-12,4980.50,4980.50,4980.50,4980.50,0.00,FTFeed
2021-08-13,5010.00,5011.00,5000.64,5010.00,860.00,FTFeed
2021-08-16,4992.00,5011.00,4980.00,5014.00,1220.00,FTFeed
2021-08-17,5018.00,5018.00,5006.00,5008.00,297.00,FTFeed
2021-08-18,5020.00,5020.00,5000.36,4989.50,769.00,FTFeed
2021-08-19,4957.00,4957.57,4957.00,4993.00,806.00,FTFeed
2021-08-20,5005.00,5005.00,5005.00,5043.00,10.00,FTFeed
2021-08-23,5064.00,5064.00,5064.00,5064.00,0.00,FTFeed
2021-08-24,5058.00,5058.00,5048.36,5055.00,130.00,FTFeed
2021-08-25,5071.00,5071.00,5071.00,5071.00,0.00,FTFeed
2021-08-26,5042.00,5042.00,5042.00,5042.00,0.00,FTFeed
2021-08-27,5057.00,5064.00,5050.00,5064.50,642.00,FTFeed
2021-08-31,5118.00,5118.00,5092.00,5096.00,628.00,Alphavantage
2021-09-01,5112.00,5112.00,5080.00,5093.50,189.00,Alphavantage
2021-09-02,5126.00,5130.00,5125.27,5130.00,682.00,Alphavantage
2021-09-03,5115.00,5115.00,5109.50,5115.00,2.00,Alphavantage
2021-09-06,5134.00,5138.56,5126.86,5138.56,463.00,Alphavantage
2021-09-07,5119.00,5119.82,5103.27,5109.00,390.00,Alphavantage
2021-09-08,5113.00,5113.00,5113.00,5113.00,35.00,Alphavantage
2021-09-09,5113.00,5113.00,5113.00,5113.00,35.00,Alphavantage
2021-09-10,5079.00,5079.00,5079.00,5079.00,315.00,Alphavantage
2021-09-13,5091.00,5091.00,5091.00,5091.00,80.00,Alphavantage
2021-09-14,5022.00,5022.00,5022.00,5022.00,2503.00,Alphavantage
2021-09-15,5038.00,5038.00,5027.00,5027.00,256.00,Alphavantage
2021-09-16,5025.00,5045.00,5014.00,5014.00,586.00,Alphavantage
2021-09-17,4954.77,4955.03,4954.77,4954.77,791.00,Alphavantage
2021-09-20,4891.00,4924.00,4878.85,4924.00,1401.00,Alphavantage
2021-09-21,4891.00,4924.00,4878.85,4924.00,1401.00,Alphavantage
2021-09-22,4934.00,4958.00,4928.00,4958.00,11006.00,Alphavantage
2021-09-23,4950.00,4954.00,4948.27,4953.00,122.00,Alphavantage
2021-09-24,4917.00,4918.82,4917.00,4918.82,4948.00,Alphavantage
2021-09-27,4943.00,4946.03,4871.00,4879.50,394.00,Alphavantage
2021-09-28,4843.00,4847.00,4824.00,4824.00,76.00,Alphavantage
2021-09-29,4845.00,4859.00,4837.91,4859.00,260.00,Alphavantage
2021-09-30,4867.18,4867.18,4867.18,4867.18,205.00,Alphavantage
2021-10-01,4757.00,4757.00,4723.00,4738.50,33.00,Alphavantage
2021-10-04,4712.00,4731.00,4700.00,4700.00,8395.00,Alphavantage
2021-10-05,4733.00,4762.00,4696.73,4762.00,1117.00,Alphavantage
2021-10-06,4733.00,4762.00,4696.73,4713.50,405.00,Alphavantage
2021-10-07,4813.00,4813.00,4797.19,4797.19,1654.00,Alphavantage
2021-10-08,4765.00,4765.00,4745.00,4745.00,2.00,Alphavantage
2021-10-11,4735.00,4735.00,4734.65,4735.00,292.00,Alphavantage
2021-10-12,4721.00,4736.00,4721.00,4736.00,325.00,Alphavantage
2021-10-13,4731.89,4731.89,4731.89,4731.89,213.00,Alphavantage
2021-10-14,4764.73,4764.73,4764.73,4764.73,84.00,Alphavantage
2021-10-15,4821.00,4821.00,4821.00,4821.00,4.00,Alphavantage
2021-10-18,4817.00,4835.00,4797.00,4830.50,153.00,Alphavantage
